"benchmark_id","source","synthetic","challenge_id","benchmark_query_type","query","dataset_id","aoi","start","end","context_layer","parameters","expected_behaviour","difficulty","subtype","jtbd","user_groups","impact_pathway","user_story_refs","scored_checks","refresh_risk","selection_reason","build_notes","priority_evidence"
"bm26-001","NEW (add to Challenge first)","TRUE","","quantification","How much tree cover loss happened in the Kayapó Indigenous Territory between 2015 and 2023?","4","BRA1507 (Landmark)","2015-01-01","2023-12-31","","","answer with data","medium","multi_year_total","5,7","Policy/planning; GIS analysts; Supply chain; Sustainable finance; Service providers; Field staff; Journalists","1 Local stewardship","USY-000852","","","All Challenge analytic rows are country-level; JTBD 5 & 7 need AOI-level analysis","","User story USY-000852"
"bm26-002","NEW (add to Challenge first)","TRUE","","quantification","How many hectares of primary forest did Virunga National Park lose from 2019 to 2023?","4","166889 (WDPA)","2019-01-01","2023-12-31","primary_forest","","answer with data","medium","primary_forest","5,7","Policy/planning; GIS analysts; Supply chain; Sustainable finance; Service providers; Field staff; Journalists","1 Local stewardship","USY-001516","","","All Challenge analytic rows are country-level; JTBD 5 & 7 need AOI-level analysis","","User story USY-001516"
"bm26-003","NEW (add to Challenge first)","TRUE","","quantification","How much natural land in Mato Grosso was lost after 2020?","3;4","Mato Grosso, BRA (AOI id to verify via /api/aois)","2021-01-01","2024-12-31","","","answer with data or explain limits; EUDR cutoff framing","hard","post_cutoff_conversion","5,7","Policy/planning; GIS analysts; Supply chain; Sustainable finance; Service providers; Field staff; Journalists","2 Commodity supply chains","Trase EUDR; USY-001293 Sicredi","","","All Challenge analytic rows are country-level; JTBD 5 & 7 need AOI-level analysis; EUDR use case","Confirm natural-lands × loss intersection is supported","User story Trase EUDR; USY-001293 Sicredi"
"bm26-004","NEW (add to Challenge first)","TRUE","","quantification","What was tree cover loss in Caquetá, Colombia in 2023?","4","Caquetá, COL (AOI id to verify via /api/aois)","2023-01-01","2023-12-31","","","answer with data","easy","single_year","1,5","Policy/planning; Program mgrs; GIS analysts; Journalists; Public/educators; Supply chain; Sustainable finance; Service providers","3 Policy & planning","USY-001529","","","All Challenge analytic rows are country-level; JTBD 5 & 7 need AOI-level analysis","","User story USY-001529"
"bm26-005","NEW (add to Challenge first)","TRUE","","quantification","How much tree cover does El Salvador have at 10% canopy cover?","7","SLV","","","","[{""name"":""canopy_cover"",""values"":[10]}]","answer with data","medium","cover_area","1,2","Policy/planning; Program mgrs; GIS analysts; Journalists; Public/educators; Field staff; Service providers","3 Policy & planning","USY-001364 El Salvador compensation baseline","","","All Challenge analytic rows are country-level; JTBD 5 & 7 need AOI-level analysis; restoration baseline","","User story USY-001364 El Salvador compensation baseline"
"bm26-006","NEW (add to Challenge first)","TRUE","","quantification","How much tree cover did India lose between 2001 and 2023?","4","IND","2001-01-01","2023-12-31","","","answer with data","easy","multi_year_total","1,9","Policy/planning; Program mgrs; GIS analysts; Journalists; Public/educators; All direct-connect groups","4 Commitments & accountability","USY-001284 Indian Express / National Green Tribunal","","","Accountability use case cited in court","","User story USY-001284 Indian Express / National Green Tribunal"
"bm26-007","NEW (add to Challenge first)","TRUE","","quantification","How much natural land is there in Rio Grande do Sul, Brazil?","3","Rio Grande do Sul, BRA (AOI id to verify via /api/aois)","","","","","answer with data","medium","natural_extent","2,5","Program mgrs; Field staff; Service providers; Policy/planning; GIS analysts; Supply chain; Sustainable finance","5 Finance for nature","USY-001293 Sicredi","","","All Challenge analytic rows are country-level; JTBD 5 & 7 need AOI-level analysis","","User story USY-001293 Sicredi"
"bm26-008","existing","FALSE","ch-quant-001","quantification","How many hectares of tree cover, including plantations, did Brazil lose in 2023?","4","BRA","2023-01-01","2023-12-31","no_selection","","answer with data","","single_year","1,5,9","Policy/planning; Program mgrs; GIS analysts; Journalists; Public/educators; Supply chain; Sustainable finance; Service providers; All direct-connect groups","4 Commitments & accountability; 5 Finance for nature","USY-001284 India loss; USY-001383 GEF-9 targets; RF-UK Gabon/CAFI","answered_without_data | aoi_id_match | context_layer_match | data_pull_exists | dataset_id_match | date_extraction","Low","Impact-weighted quota: tcl (4 Commitments & accountability; 5 Finance for nature)","","User story USY-001284 India loss; USY-001383 GEF-9 targets; RF-UK Gabon/CAFI"
"bm26-009","existing","FALSE","ch-quant-003","quantification","What was Indonesia's total tree cover loss, including plantations, from 2015 to 2020?","4","IDN","2015-01-01","2020-12-31","no_selection","","answer with data","","multi_year_total","1,5,9","Policy/planning; Program mgrs; GIS analysts; Journalists; Public/educators; Supply chain; Sustainable finance; Service providers; All direct-connect groups","4 Commitments & accountability; 5 Finance for nature","USY-001284 India loss; USY-001383 GEF-9 targets; RF-UK Gabon/CAFI","answered_without_data | aoi_id_match | context_layer_match | data_pull_exists | dataset_id_match | date_extraction","Low","Impact-weighted quota: tcl (4 Commitments & accountability; 5 Finance for nature)","","User story USY-001284 India loss; USY-001383 GEF-9 targets; RF-UK Gabon/CAFI"
"bm26-010","existing","FALSE","ch-quant-004","quantification","How much tree cover, across all forest types, has Costa Rica lost in total between 2001 and 2023?","4","CRI","2001-01-01","2023-12-31","no_selection","","answer with data","","multi_year_total","1,5,9","Policy/planning; Program mgrs; GIS analysts; Journalists; Public/educators; Supply chain; Sustainable finance; Service providers; All direct-connect groups","4 Commitments & accountability; 5 Finance for nature","USY-001284 India loss; USY-001383 GEF-9 targets; RF-UK Gabon/CAFI","answered_without_data | aoi_id_match | context_layer_match | data_pull_exists | dataset_id_match | date_extraction","Low","Impact-weighted quota: tcl (4 Commitments & accountability; 5 Finance for nature)","","User story USY-001284 India loss; USY-001383 GEF-9 targets; RF-UK Gabon/CAFI"
"bm26-011","existing","FALSE","ch-quant-007","quantification","How many hectares of primary forest were lost in the Democratic Republic of the Congo in 2023?","4","COD","2023-01-01","2023-12-31","primary_forest","","answer with data","","primary_forest","1,5,9","Policy/planning; Program mgrs; GIS analysts; Journalists; Public/educators; Supply chain; Sustainable finance; Service providers; All direct-connect groups","4 Commitments & accountability; 5 Finance for nature","USY-001284 India loss; USY-001383 GEF-9 targets; RF-UK Gabon/CAFI","answered_without_data | aoi_id_match | context_layer_match | data_pull_exists | dataset_id_match | date_extraction","Low","Impact-weighted quota: tcl (4 Commitments & accountability; 5 Finance for nature)","","User story USY-001284 India loss; USY-001383 GEF-9 targets; RF-UK Gabon/CAFI"
"bm26-012","existing","FALSE","ch-quant-009","quantification","How much deforestation occurred in Brazil in 2023?","4","BRA","2023-01-01","2023-12-31","primary_forest","","answer with data","","deforestation_default","1,5,9","Policy/planning; Program mgrs; GIS analysts; Journalists; Public/educators; Supply chain; Sustainable finance; Service providers; All direct-connect groups","4 Commitments & accountability; 5 Finance for nature","USY-001284 India loss; USY-001383 GEF-9 targets; RF-UK Gabon/CAFI","answered_without_data | aoi_id_match | context_layer_match | data_pull_exists | dataset_id_match | date_extraction","Low","Impact-weighted quota: tcl (4 Commitments & accountability; 5 Finance for nature)","","User story USY-001284 India loss; USY-001383 GEF-9 targets; RF-UK Gabon/CAFI"
"bm26-013","existing","FALSE","ch-quant-010","quantification","How much intact forest loss did the Democratic Republic of the Congo experience in 2023?","4","COD","2023-01-01","2023-12-31","intact_forest","","answer with data","","intact_forest","1,5,9","Policy/planning; Program mgrs; GIS analysts; Journalists; Public/educators; Supply chain; Sustainable finance; Service providers; All direct-connect groups","4 Commitments & accountability; 5 Finance for nature","USY-001284 India loss; USY-001383 GEF-9 targets; RF-UK Gabon/CAFI","answered_without_data | aoi_id_match | context_layer_match | data_pull_exists | dataset_id_match | date_extraction","Low","Impact-weighted quota: tcl (4 Commitments & accountability; 5 Finance for nature)","","User story USY-001284 India loss; USY-001383 GEF-9 targets; RF-UK Gabon/CAFI"
"bm26-014","existing","FALSE","ch-quant-021","quantification","How many hectares of tree cover loss occurred in Costa Rica across all forest types from 2001 to 2023, using a 25% canopy density threshold?","4","CRI","2001-01-01","2023-12-31","no_selection","[{""name"":""canopy_cover"",""values"":[25]}]","answer with data","","canopy_threshold","1,5,9","Policy/planning; Program mgrs; GIS analysts; Journalists; Public/educators; Supply chain; Sustainable finance; Service providers; All direct-connect groups","4 Commitments & accountability; 5 Finance for nature","USY-001284 India loss; USY-001383 GEF-9 targets; RF-UK Gabon/CAFI","answered_without_data | aoi_id_match | context_layer_match | data_pull_exists | dataset_id_match | dataset_parameter_match | date_extraction","Low","Impact-weighted quota: tcl (4 Commitments & accountability; 5 Finance for nature)","","User story USY-001284 India loss; USY-001383 GEF-9 targets; RF-UK Gabon/CAFI"
"bm26-015","existing","FALSE","ch-quant-025","quantification","so like, for the UK in 2023, how many hectares of tree cover did it lose overall - counting all forest types, not just some?","4","GBR","2023-01-01","2023-12-31","no_selection","","answer with data","","single_year","1,5,9","Policy/planning; Program mgrs; GIS analysts; Journalists; Public/educators; Supply chain; Sustainable finance; Service providers; All direct-connect groups","4 Commitments & accountability; 5 Finance for nature","USY-001284 India loss; USY-001383 GEF-9 targets; RF-UK Gabon/CAFI","answered_without_data | aoi_id_match | context_layer_match | data_pull_exists | dataset_id_match | date_extraction","Low","Impact-weighted quota: tcl (4 Commitments & accountability; 5 Finance for nature)","","User story USY-001284 India loss; USY-001383 GEF-9 targets; RF-UK Gabon/CAFI"
"bm26-016","existing","FALSE","ch-quant-029","quantification","I'm digging into Indonesia's climate footprint - can you tell me the greenhouse gas emissions from tree cover loss across all forest types there between 2015 and 2020?","4","IDN","2015-01-01","2020-12-31","no_selection","","answer with data","","emissions","1,5,9","Policy/planning; Program mgrs; GIS analysts; Journalists; Public/educators; Supply chain; Sustainable finance; Service providers; All direct-connect groups","4 Commitments & accountability; 5 Finance for nature","USY-001284 India loss; USY-001383 GEF-9 targets; RF-UK Gabon/CAFI","answered_without_data | aoi_id_match | context_layer_match | data_pull_exists | dataset_id_match | date_extraction","Low","Impact-weighted quota: tcl (4 Commitments & accountability; 5 Finance for nature)","","User story USY-001284 India loss; USY-001383 GEF-9 targets; RF-UK Gabon/CAFI"
"bm26-017","existing","FALSE","ch-quant-033","quantification","What is the sLUC emission factor, in tCO2e per tonne of production, for soybean grown in Brazil in 2024?","9","BRA","2024-01-01","2024-12-31","","","answer with data","","emission_factor","5,9","Policy/planning; GIS analysts; Supply chain; Sustainable finance; Service providers; All direct-connect groups","2 Commodity supply chains; 4 Commitments","USY-001404 Mars; USY-001399 Olam","answered_without_data | aoi_id_match | data_pull_exists | dataset_id_match | date_extraction","Low","Impact-weighted quota: sluc (2 Commodity supply chains; 4 Commitments)","","User story USY-001404 Mars; USY-001399 Olam"
"bm26-018","existing","FALSE","ch-quant-035","quantification","What is the sLUC emission factor, in tCO2e per tonne of product, for oil palm production in Indonesia?","9","IDN","2024-01-01","2024-12-31","","","answer with data","","emission_factor","5,9","Policy/planning; GIS analysts; Supply chain; Sustainable finance; Service providers; All direct-connect groups","2 Commodity supply chains; 4 Commitments","USY-001404 Mars; USY-001399 Olam","answered_without_data | aoi_id_match | data_pull_exists | dataset_id_match | date_extraction","Low","Impact-weighted quota: sluc (2 Commodity supply chains; 4 Commitments)","","User story USY-001404 Mars; USY-001399 Olam"
"bm26-019","existing","FALSE","ch-quant-036","quantification","What were the total sLUC emissions, in tCO2e, from cocoa production in Côte d'Ivoire in 2024?","9","CIV","2024-01-01","2024-12-31","","","answer with data","","crop_emissions","5,9","Policy/planning; GIS analysts; Supply chain; Sustainable finance; Service providers; All direct-connect groups","2 Commodity supply chains; 4 Commitments","USY-001404 Mars; USY-001399 Olam","answered_without_data | aoi_id_match | data_pull_exists | dataset_id_match | date_extraction","Low","Impact-weighted quota: sluc (2 Commodity supply chains; 4 Commitments)","","User story USY-001404 Mars; USY-001399 Olam"
"bm26-020","existing","FALSE","ch-quant-039","quantification","What was the total rice production volume, in tonnes, for India in 2024?","9","IND","2024-01-01","2024-12-31","","","answer with data","","production","5,9","Policy/planning; GIS analysts; Supply chain; Sustainable finance; Service providers; All direct-connect groups","2 Commodity supply chains; 4 Commitments","USY-001404 Mars; USY-001399 Olam","answered_without_data | aoi_id_match | data_pull_exists | dataset_id_match | date_extraction","Low","Impact-weighted quota: sluc (2 Commodity supply chains; 4 Commitments)","","User story USY-001404 Mars; USY-001399 Olam"
"bm26-021","existing","FALSE","ch-quant-047","quantification","I'm trying to wrap my head around DRC's forests - over the whole record, are they actually pulling in more carbon than they're pumping out, or is it the other way around?","6","COD","","","","","answer with data","","net_sink_source","1,9","Policy/planning; Program mgrs; GIS analysts; Journalists; Public/educators; All direct-connect groups","4 Commitments; 5 Finance for nature","USY-000462 CPAWS; USY-001330 FDA","answered_without_data | aoi_id_match | data_pull_exists | dataset_id_match","High: open-ended window, categorical answer; re-verify at annual refresh","Impact-weighted quota: ghg-flux (4 Commitments; 5 Finance for nature)","","User story USY-000462 CPAWS; USY-001330 FDA"
"bm26-022","existing","FALSE","ch-quant-049","quantification","Are the UK's forests a net carbon sink or a net source, based on the overall balance of emissions and removals since 2001?","6","GBR","","","","","answer with data","","net_sink_source","1,9","Policy/planning; Program mgrs; GIS analysts; Journalists; Public/educators; All direct-connect groups","4 Commitments; 5 Finance for nature","USY-000462 CPAWS; USY-001330 FDA","answered_without_data | aoi_id_match | data_pull_exists | dataset_id_match","High: open-ended window, categorical answer; re-verify at annual refresh","Impact-weighted quota: ghg-flux (4 Commitments; 5 Finance for nature)","","User story USY-000462 CPAWS; USY-001330 FDA"
"bm26-023","existing","FALSE","ch-quant-055","quantification","so like whats the total net co2e coming out of (or into) peru's forests overall, since forever basically","6","PER","","","","","answer with data","","net_flux","1,9","Policy/planning; Program mgrs; GIS analysts; Journalists; Public/educators; All direct-connect groups","4 Commitments; 5 Finance for nature","USY-000462 CPAWS; USY-001330 FDA","answered_without_data | aoi_id_match | data_pull_exists | dataset_id_match","Low","Impact-weighted quota: ghg-flux (4 Commitments; 5 Finance for nature)","","User story USY-000462 CPAWS; USY-001330 FDA"
"bm26-024","existing","FALSE","ch-quant-061","quantification","How much of India's land area is classified as agricultural land?","1","IND","","","","","answer with data","","agriculture_combined","8,11","Policy/planning; Program mgrs; GIS analysts; Supply chain; All direct-connect groups","3 Policy & planning","USY-001529 Caquetá","answered_without_data | aoi_id_match | data_pull_exists | dataset_id_match","Low","Impact-weighted quota: land-cover (3 Policy & planning)","","User story USY-001529 Caquetá"
"bm26-025","existing","FALSE","ch-quant-064","quantification","In Brazil, how much land has changed from tree cover to cropland?","1","BRA","","","","","answer with data","","change_area","8,11","Policy/planning; Program mgrs; GIS analysts; Supply chain; All direct-connect groups","3 Policy & planning","USY-001529 Caquetá","answered_without_data | aoi_id_match | data_pull_exists | dataset_id_match","Low","Impact-weighted quota: land-cover (3 Policy & planning)","","User story USY-001529 Caquetá"
"bm26-026","existing","FALSE","ch-quant-068","quantification","What was the natural/semi-natural grassland extent in Brazil in 2020, in hectares?","2","BRA","2020-01-01","2020-12-31","","","answer with data","","single_year","1,2","Policy/planning; Program mgrs; GIS analysts; Journalists; Public/educators; Field staff; Service providers","3 Policy & planning; 5 Finance","USY-001529 Caquetá; USY-001293 Sicredi","answered_without_data | aoi_id_match | data_pull_exists | dataset_id_match | date_extraction","Low","Impact-weighted quota: grasslands (3 Policy & planning; 5 Finance)","","User story USY-001529 Caquetá; USY-001293 Sicredi"
"bm26-027","existing","FALSE","ch-quant-072","quantification","How many hectares of natural/semi-natural grassland were lost in Bolivia between 2005 and 2015?","2","BOL","2005-01-01","2015-12-31","","","answer with data","","multi_year_total","1,2","Policy/planning; Program mgrs; GIS analysts; Journalists; Public/educators; Field staff; Service providers","3 Policy & planning; 5 Finance","USY-001529 Caquetá; USY-001293 Sicredi","answered_without_data | aoi_id_match | data_pull_exists | dataset_id_match | date_extraction","Low","Impact-weighted quota: grasslands (3 Policy & planning; 5 Finance)","","User story USY-001529 Caquetá; USY-001293 Sicredi"
"bm26-028","existing","FALSE","ch-quant-080","quantification","How many hectares of disturbance alerts were flagged across Brazil from January 1 to December 31, 2024?","11","BRA","2024-01-01","2024-12-31","","","answer with data","","disturbed_area","3,5","Policy/planning; GIS analysts; Field staff; Supply chain; Service providers; Journalists; Sustainable finance","1 Local stewardship; 4 Commitments (EUDR)","USY-000509 Malaysia; USY-001346 NJ DEP; Trase/TRACT EUDR","answered_without_data | aoi_id_match | data_pull_exists | dataset_id_match | date_extraction","Medium: alert confidence can upgrade; re-verify at refresh","Impact-weighted quota: integrated-alerts (1 Local stewardship; 4 Commitments (EUDR))","","User story USY-000509 Malaysia; USY-001346 NJ DEP; Trase/TRACT EUDR"
"bm26-029","existing","FALSE","ch-quant-082","quantification","How many hectares of disturbance alerts were flagged across the Democratic Republic of the Congo from January 1 to June 30, 2024?","11","COD","2024-01-01","2024-06-30","","","answer with data","","disturbed_area","3,5","Policy/planning; GIS analysts; Field staff; Supply chain; Service providers; Journalists; Sustainable finance","1 Local stewardship; 4 Commitments (EUDR)","USY-000509 Malaysia; USY-001346 NJ DEP; Trase/TRACT EUDR","answered_without_data | aoi_id_match | data_pull_exists | dataset_id_match | date_extraction","Medium: alert confidence can upgrade; re-verify at refresh","Impact-weighted quota: integrated-alerts (1 Local stewardship; 4 Commitments (EUDR))","","User story USY-000509 Malaysia; USY-001346 NJ DEP; Trase/TRACT EUDR"
"bm26-030","existing","FALSE","ch-quant-083","quantification","For Indonesia, how does the total disturbance alert area from January 1 to December 31, 2024 break down by confidence level (low, high, highest), in hectares?","11","IDN","2024-01-01","2024-12-31","","","answer with data","","by_confidence","3,5","Policy/planning; GIS analysts; Field staff; Supply chain; Service providers; Journalists; Sustainable finance","1 Local stewardship; 4 Commitments (EUDR)","USY-000509 Malaysia; USY-001346 NJ DEP; Trase/TRACT EUDR","answered_without_data | aoi_id_match | data_pull_exists | dataset_id_match | date_extraction","Medium: alert confidence can upgrade; re-verify at refresh","Impact-weighted quota: integrated-alerts (1 Local stewardship; 4 Commitments (EUDR))","","User story USY-000509 Malaysia; USY-001346 NJ DEP; Trase/TRACT EUDR"
"bm26-031","existing","FALSE","ch-quant-085","quantification","I'm trying to get a handle on deforestation alerts in Peru for May 2024 — do you know roughly how many hectares of disturbance were flagged there between May 1 and May 31, 2024?","11","PER","2024-05-01","2024-05-31","","","answer with data","","disturbed_area","3,5","Policy/planning; GIS analysts; Field staff; Supply chain; Service providers; Journalists; Sustainable finance","1 Local stewardship; 4 Commitments (EUDR)","USY-000509 Malaysia; USY-001346 NJ DEP; Trase/TRACT EUDR","answered_without_data | aoi_id_match | data_pull_exists | dataset_id_match | date_extraction","Medium: alert confidence can upgrade; re-verify at refresh","Impact-weighted quota: integrated-alerts (1 Local stewardship; 4 Commitments (EUDR))","","User story USY-000509 Malaysia; USY-001346 NJ DEP; Trase/TRACT EUDR"
"bm26-032","existing","FALSE","ch-quant-091","quantification","For Côte d'Ivoire, how does the disturbance alert area (in hectares) from January 1 to June 30, 2024 break down by confidence level?","11","CIV","2024-01-01","2024-06-30","","","answer with data","","by_confidence","3,5","Policy/planning; GIS analysts; Field staff; Supply chain; Service providers; Journalists; Sustainable finance","1 Local stewardship; 4 Commitments (EUDR)","USY-000509 Malaysia; USY-001346 NJ DEP; Trase/TRACT EUDR","answered_without_data | aoi_id_match | data_pull_exists | dataset_id_match | date_extraction","Medium: alert confidence can upgrade; re-verify at refresh","Impact-weighted quota: integrated-alerts (1 Local stewardship; 4 Commitments (EUDR))","","User story USY-000509 Malaysia; USY-001346 NJ DEP; Trase/TRACT EUDR"
"bm26-033","existing","FALSE","ch-quant-092","quantification","How many hectares of natural land are there in Brazil?","3","BRA","","","","","answer with data","","natural_extent","2,5,7","Program mgrs; Field staff; Service providers; Policy/planning; GIS analysts; Supply chain; Sustainable finance; Journalists","2 Commodity supply chains; 5 Finance","USY-001293 Sicredi; Trase EUDR","answered_without_data | aoi_id_match | data_pull_exists | dataset_id_match","Low","Impact-weighted quota: natural-lands (2 Commodity supply chains; 5 Finance)","","User story USY-001293 Sicredi; Trase EUDR"
"bm26-034","existing","FALSE","ch-quant-095","quantification","How many hectares of natural land does the United Kingdom have?","3","GBR","","","","","answer with data","","natural_extent","2,5,7","Program mgrs; Field staff; Service providers; Policy/planning; GIS analysts; Supply chain; Sustainable finance; Journalists","2 Commodity supply chains; 5 Finance","USY-001293 Sicredi; Trase EUDR","answered_without_data | aoi_id_match | data_pull_exists | dataset_id_match","Low","Impact-weighted quota: natural-lands (2 Commodity supply chains; 5 Finance)","","User story USY-001293 Sicredi; Trase EUDR"
"bm26-035","existing","FALSE","ch-quant-096","quantification","How many hectares of India are classified as non-natural land?","3","IND","","","","","answer with data","","non_natural_extent","2,5,7","Program mgrs; Field staff; Service providers; Policy/planning; GIS analysts; Supply chain; Sustainable finance; Journalists","2 Commodity supply chains; 5 Finance","USY-001293 Sicredi; Trase EUDR","answered_without_data | aoi_id_match | data_pull_exists | dataset_id_match","Low","Impact-weighted quota: natural-lands (2 Commodity supply chains; 5 Finance)","","User story USY-001293 Sicredi; Trase EUDR"
"bm26-036","existing","FALSE","ch-quant-100","quantification","I'm putting together a supply-chain risk brief on Malaysia - roughly what share of the country would count as natural land?","3","MYS","","","","","answer with data","","natural_share","2,5,7","Program mgrs; Field staff; Service providers; Policy/planning; GIS analysts; Supply chain; Sustainable finance; Journalists","2 Commodity supply chains; 5 Finance","USY-001293 Sicredi; Trase EUDR","answered_without_data | aoi_id_match | data_pull_exists | dataset_id_match","Low","Impact-weighted quota: natural-lands (2 Commodity supply chains; 5 Finance)","","User story USY-001293 Sicredi; Trase EUDR"
"bm26-037","existing","FALSE","ch-quant-103","quantification","How much tree cover does Brazil have?","7","BRA","","","no_selection","","answer with data","","cover_area","1,8","Policy/planning; Program mgrs; GIS analysts; Journalists; Public/educators; Supply chain","3 Policy & planning","USY-001364 El Salvador","answered_without_data | aoi_id_match | context_layer_match | data_pull_exists | dataset_id_match","Low","Impact-weighted quota: tree-cover (3 Policy & planning)","","User story USY-001364 El Salvador"
"bm26-038","existing","FALSE","ch-quant-107","quantification","How much tree cover does Indonesia have at a 75% canopy density threshold?","7","IDN","","","no_selection","[{""name"":""canopy_cover"",""values"":[75]}]","answer with data","","canopy_threshold","1,8","Policy/planning; Program mgrs; GIS analysts; Journalists; Public/educators; Supply chain","3 Policy & planning","USY-001364 El Salvador","answered_without_data | aoi_id_match | context_layer_match | data_pull_exists | dataset_id_match | dataset_parameter_match","Low","Impact-weighted quota: tree-cover (3 Policy & planning)","","User story USY-001364 El Salvador"
"bm26-039","existing","FALSE","ch-quant-110","quantification","How many hectares of primary forest does the Democratic Republic of the Congo have?","7","COD","","","primary_forest","","answer with data","","primary_forest_area","1,8","Policy/planning; Program mgrs; GIS analysts; Journalists; Public/educators; Supply chain","3 Policy & planning","USY-001364 El Salvador","answered_without_data | aoi_id_match | context_layer_match | data_pull_exists | dataset_id_match","Low","Impact-weighted quota: tree-cover (3 Policy & planning)","","User story USY-001364 El Salvador"
"bm26-040","existing","FALSE","ch-quant-115","quantification","How many hectares of tree cover gain did Brazil see cumulatively from 2000 to 2020?","5","BRA","2000-01-01","2020-12-31","","","answer with data","","gain_total","2,1","Program mgrs; Field staff; Service providers; Policy/planning; GIS analysts; Journalists; Public/educators","3 Policy & planning (restoration)","USY-001364 El Salvador 20x20; USY-001330 FDA","answered_without_data | aoi_id_match | data_pull_exists | dataset_id_match | date_extraction","Low","Impact-weighted quota: tc-gain (3 Policy & planning (restoration))","","User story USY-001364 El Salvador 20x20; USY-001330 FDA"
"bm26-041","existing","FALSE","ch-quant-118","quantification","How many hectares of cumulative tree cover gain did the Democratic Republic of the Congo record over the 2015-2020 period?","5","COD","2015-01-01","2020-12-31","","","answer with data","","period_gain","2,1","Program mgrs; Field staff; Service providers; Policy/planning; GIS analysts; Journalists; Public/educators","3 Policy & planning (restoration)","USY-001364 El Salvador 20x20; USY-001330 FDA","answered_without_data | aoi_id_match | data_pull_exists | dataset_id_match | date_extraction","Low","Impact-weighted quota: tc-gain (3 Policy & planning (restoration))","","User story USY-001364 El Salvador 20x20; USY-001330 FDA"
"bm26-042","existing","FALSE","ch-quant-139","quantification","In Brazil during 2020, how many hectares of tree cover loss (across all forest types) were caused by fires, and how does that compare to non-fire tree cover loss for the same year?","10","BRA","2020-01-01","2020-12-31","no_selection","","answer with data","","single_year","1,3,7","Policy/planning; Program mgrs; GIS analysts; Journalists; Public/educators; Field staff; Supply chain; Service providers; Sustainable finance","1 Local stewardship; 3 Policy & planning","USY-000509 Malaysia; USY-001217 Puerto Suárez; USY-001516 UNESCO","answered_without_data | aoi_id_match | context_layer_match | data_pull_exists | dataset_id_match | date_extraction","Low","Impact-weighted quota: tcl-fires (1 Local stewardship; 3 Policy & planning)","","User story USY-000509 Malaysia; USY-001217 Puerto Suárez; USY-001516 UNESCO"
"bm26-043","existing","FALSE","ch-quant-142","quantification","What was the total tree cover loss due to fires in Bolivia across all forest types between 2015 and 2020, in hectares?","10","BOL","2015-01-01","2020-12-31","no_selection","","answer with data","","multi_year_total","1,3,7","Policy/planning; Program mgrs; GIS analysts; Journalists; Public/educators; Field staff; Supply chain; Service providers; Sustainable finance","1 Local stewardship; 3 Policy & planning","USY-000509 Malaysia; USY-001217 Puerto Suárez; USY-001516 UNESCO","answered_without_data | aoi_id_match | context_layer_match | data_pull_exists | dataset_id_match | date_extraction","Low","Impact-weighted quota: tcl-fires (1 Local stewardship; 3 Policy & planning)","","User story USY-000509 Malaysia; USY-001217 Puerto Suárez; USY-001516 UNESCO"
"bm26-044","existing","FALSE","ch-quant-145","quantification","Hey, I'm trying to figure out how much tree cover loss in Indonesia during 2020 was actually caused by fires versus other causes, looking at all tree cover types at a 50% canopy density threshold - can you break down the hectares for me?","10","IDN","2020-01-01","2020-12-31","no_selection","[{""name"":""canopy_cover"",""values"":[50]}]","answer with data","","canopy_threshold","1,3,7","Policy/planning; Program mgrs; GIS analysts; Journalists; Public/educators; Field staff; Supply chain; Service providers; Sustainable finance","1 Local stewardship; 3 Policy & planning","USY-000509 Malaysia; USY-001217 Puerto Suárez; USY-001516 UNESCO","answered_without_data | aoi_id_match | context_layer_match | data_pull_exists | dataset_id_match | dataset_parameter_match | date_extraction","Low","Impact-weighted quota: tcl-fires (1 Local stewardship; 3 Policy & planning)","","User story USY-000509 Malaysia; USY-001217 Puerto Suárez; USY-001516 UNESCO"
"bm26-045","existing","FALSE","ch-quant-146","quantification","How much primary forest loss in the Democratic Republic of the Congo in 2022 was caused by fires, in hectares?","10","COD","2022-01-01","2022-12-31","primary_forest","","answer with data","","primary_forest","1,3,7","Policy/planning; Program mgrs; GIS analysts; Journalists; Public/educators; Field staff; Supply chain; Service providers; Sustainable finance","1 Local stewardship; 3 Policy & planning","USY-000509 Malaysia; USY-001217 Puerto Suárez; USY-001516 UNESCO","answered_without_data | aoi_id_match | context_layer_match | data_pull_exists | dataset_id_match | date_extraction","Low","Impact-weighted quota: tcl-fires (1 Local stewardship; 3 Policy & planning)","","User story USY-000509 Malaysia; USY-001217 Puerto Suárez; USY-001516 UNESCO"
"bm26-046","NEW (add to Challenge first)","TRUE","","comparison","Did Yasuni National Park lose more tree cover in 2023 than in 2022?","4","186 (WDPA)","2022-01-01","2023-12-31","","","answer with data","medium","two_period","5,7","Policy/planning; GIS analysts; Supply chain; Sustainable finance; Service providers; Field staff; Journalists","1 Local stewardship","USY-001399 Olam PA monitoring","","","All Challenge analytic rows are country-level; JTBD 5 & 7 need AOI-level analysis","","User story USY-001399 Olam PA monitoring"
"bm26-047","NEW (add to Challenge first)","TRUE","","comparison","Compare tree cover loss in Pará and Mato Grosso in 2023","4","BRA.14; Mato Grosso (AOI id to verify via /api/aois)","2023-01-01","2023-12-31","","","answer with data","medium","two_subnational","5,8","Policy/planning; GIS analysts; Supply chain; Sustainable finance; Service providers; Program mgrs","4 Commitments & accountability","Brazilian state enforcement","","","All Challenge analytic rows are country-level; JTBD 5 & 7 need AOI-level analysis","","User story Brazilian state enforcement"
"bm26-048","NEW (add to Challenge first)","TRUE","","comparison","Which lost more primary forest between 2021 and 2023: Salonga or Virunga National Park?","4","555697863; 166889 (WDPA)","2021-01-01","2023-12-31","primary_forest","","answer with data","hard","two_pa","7,8","Policy/planning; GIS analysts; Field staff; Supply chain; Sustainable finance; Service providers; Journalists; Program mgrs","1 Local stewardship","USY-001516","","","All Challenge analytic rows are country-level; JTBD 5 & 7 need AOI-level analysis","","User story USY-001516"
"bm26-049","NEW (add to Challenge first)","TRUE","","comparison","Was Gabon's tree cover loss in 2016–2017 higher than its 2006–2015 annual average?","4","GAB","2006-01-01","2017-12-31","","","answer with data; annualise correctly","hard","baseline_vs_period","1,9","Policy/planning; Program mgrs; GIS analysts; Journalists; Public/educators; All direct-connect groups","5 Finance for nature","Rainforest Foundation UK vs CAFI","","","Baseline-vs-period comparison (results-based payments)","","User story Rainforest Foundation UK vs CAFI"
"bm26-050","existing","FALSE","ch-comp-001","comparison","Which country lost more tree cover across all forest types in 2023, Brazil or Indonesia, and by how much?","4","BRA;IDN","2023-01-01","2023-12-31","no_selection","","answer with data","","two_country","1,5,9","Policy/planning; Program mgrs; GIS analysts; Journalists; Public/educators; Supply chain; Sustainable finance; Service providers; All direct-connect groups","4 Commitments & accountability; 5 Finance for nature","USY-001284 India loss; USY-001383 GEF-9 targets; RF-UK Gabon/CAFI","answered_without_data | aoi_id_match | context_layer_match | data_pull_exists | dataset_id_match | date_extraction","Low","Impact-weighted quota: tcl (4 Commitments & accountability; 5 Finance for nature)","","User story USY-001284 India loss; USY-001383 GEF-9 targets; RF-UK Gabon/CAFI"
"bm26-051","existing","FALSE","ch-comp-002","comparison","Compare total tree cover loss, including plantations, in Indonesia and the Democratic Republic of the Congo from 2020 to 2023. Which country lost more?","4","IDN;COD","2020-01-01","2023-12-31","no_selection","","answer with data","","two_country","1,5,9","Policy/planning; Program mgrs; GIS analysts; Journalists; Public/educators; Supply chain; Sustainable finance; Service providers; All direct-connect groups","4 Commitments & accountability; 5 Finance for nature","USY-001284 India loss; USY-001383 GEF-9 targets; RF-UK Gabon/CAFI","answered_without_data | aoi_id_match | context_layer_match | data_pull_exists | dataset_id_match | date_extraction","Low","Impact-weighted quota: tcl (4 Commitments & accountability; 5 Finance for nature)","","User story USY-001284 India loss; USY-001383 GEF-9 targets; RF-UK Gabon/CAFI"
"bm26-052","existing","FALSE","ch-comp-003","comparison","Did Costa Rica or the United Kingdom lose more tree cover across all forest types in 2022?","4","CRI;GBR","2022-01-01","2022-12-31","no_selection","","answer with data","","two_country","1,5,9","Policy/planning; Program mgrs; GIS analysts; Journalists; Public/educators; Supply chain; Sustainable finance; Service providers; All direct-connect groups","4 Commitments & accountability; 5 Finance for nature","USY-001284 India loss; USY-001383 GEF-9 targets; RF-UK Gabon/CAFI","answered_without_data | aoi_id_match | context_layer_match | data_pull_exists | dataset_id_match | date_extraction","Low","Impact-weighted quota: tcl (4 Commitments & accountability; 5 Finance for nature)","","User story USY-001284 India loss; USY-001383 GEF-9 targets; RF-UK Gabon/CAFI"
"bm26-053","existing","FALSE","ch-comp-005","comparison","Did Brazil lose more tree cover, across all forest types, in the period 2011 to 2015 or 2016 to 2020?","4","BRA","","","no_selection","","answer with data","","two_period","1,5,9","Policy/planning; Program mgrs; GIS analysts; Journalists; Public/educators; Supply chain; Sustainable finance; Service providers; All direct-connect groups","4 Commitments & accountability; 5 Finance for nature","USY-001284 India loss; USY-001383 GEF-9 targets; RF-UK Gabon/CAFI","answered_without_data | aoi_id_match | context_layer_match | data_pull_exists | dataset_id_match","Low","Impact-weighted quota: tcl (4 Commitments & accountability; 5 Finance for nature)","","User story USY-001284 India loss; USY-001383 GEF-9 targets; RF-UK Gabon/CAFI"
"bm26-054","existing","FALSE","ch-comp-006","comparison","How did Indonesia's tree cover loss across all forest types in 2020 compare with 2015, and how big was the difference?","4","IDN","","","no_selection","","answer with data","","two_period","1,5,9","Policy/planning; Program mgrs; GIS analysts; Journalists; Public/educators; Supply chain; Sustainable finance; Service providers; All direct-connect groups","4 Commitments & accountability; 5 Finance for nature","USY-001284 India loss; USY-001383 GEF-9 targets; RF-UK Gabon/CAFI","answered_without_data | aoi_id_match | context_layer_match | data_pull_exists | dataset_id_match","Low","Impact-weighted quota: tcl (4 Commitments & accountability; 5 Finance for nature)","","User story USY-001284 India loss; USY-001383 GEF-9 targets; RF-UK Gabon/CAFI"
"bm26-055","existing","FALSE","ch-comp-007","comparison","Compare tree cover loss, across all forest types, in the Democratic Republic of the Congo between 2012-2015 and 2020-2023. Which period was worse?","4","COD","","","no_selection","","answer with data","","two_period","1,5,9","Policy/planning; Program mgrs; GIS analysts; Journalists; Public/educators; Supply chain; Sustainable finance; Service providers; All direct-connect groups","4 Commitments & accountability; 5 Finance for nature","USY-001284 India loss; USY-001383 GEF-9 targets; RF-UK Gabon/CAFI","answered_without_data | aoi_id_match | context_layer_match | data_pull_exists | dataset_id_match","Low","Impact-weighted quota: tcl (4 Commitments & accountability; 5 Finance for nature)","","User story USY-001284 India loss; USY-001383 GEF-9 targets; RF-UK Gabon/CAFI"
"bm26-056","existing","FALSE","ch-comp-017","comparison","Quick q - in 2023, who lost more tree cover, the UK or Costa Rica? Countin all forest types, not just some special forest.","4","GBR;CRI","2023-01-01","2023-12-31","no_selection","","answer with data","","two_country","1,5,9","Policy/planning; Program mgrs; GIS analysts; Journalists; Public/educators; Supply chain; Sustainable finance; Service providers; All direct-connect groups","4 Commitments & accountability; 5 Finance for nature","USY-001284 India loss; USY-001383 GEF-9 targets; RF-UK Gabon/CAFI","answered_without_data | aoi_id_match | context_layer_match | data_pull_exists | dataset_id_match | date_extraction","Low","Impact-weighted quota: tcl (4 Commitments & accountability; 5 Finance for nature)","","User story USY-001284 India loss; USY-001383 GEF-9 targets; RF-UK Gabon/CAFI"
"bm26-057","existing","FALSE","ch-comp-025","comparison","In Costa Rica, was more tree cover lost across all forest types from 2012 to 2017 or from 2018 to 2023?","4","CRI","","","no_selection","","answer with data","","two_period","1,5,9","Policy/planning; Program mgrs; GIS analysts; Journalists; Public/educators; Supply chain; Sustainable finance; Service providers; All direct-connect groups","4 Commitments & accountability; 5 Finance for nature","USY-001284 India loss; USY-001383 GEF-9 targets; RF-UK Gabon/CAFI","answered_without_data | aoi_id_match | context_layer_match | data_pull_exists | dataset_id_match","Low","Impact-weighted quota: tcl (4 Commitments & accountability; 5 Finance for nature)","","User story USY-001284 India loss; USY-001383 GEF-9 targets; RF-UK Gabon/CAFI"
"bm26-058","existing","FALSE","ch-comp-031","comparison","Which country has a higher deforestation emission factor for oil palm in 2024, Indonesia or Malaysia?","9","IDN;MYS","2024-01-01","2024-12-31","","","answer with data","","two_country","5,9","Policy/planning; GIS analysts; Supply chain; Sustainable finance; Service providers; All direct-connect groups","2 Commodity supply chains; 4 Commitments","USY-001404 Mars; USY-001399 Olam","answered_without_data | aoi_id_match | data_pull_exists | dataset_id_match | date_extraction","Low","Impact-weighted quota: sluc (2 Commodity supply chains; 4 Commitments)","","User story USY-001404 Mars; USY-001399 Olam"
"bm26-059","existing","FALSE","ch-comp-034","comparison","In Brazil, which crop has a higher deforestation emission factor per tonne of production in 2024: Soybean or Maize?","9","BRA","2024-01-01","2024-12-31","","","answer with data","","two_crop","5,9","Policy/planning; GIS analysts; Supply chain; Sustainable finance; Service providers; All direct-connect groups","2 Commodity supply chains; 4 Commitments","USY-001404 Mars; USY-001399 Olam","answered_without_data | aoi_id_match | data_pull_exists | dataset_id_match | date_extraction","Low","Impact-weighted quota: sluc (2 Commodity supply chains; 4 Commitments)","","User story USY-001404 Mars; USY-001399 Olam"
"bm26-060","existing","FALSE","ch-comp-038","comparison","For Soybean in Brazil, were total sLUC emissions (tCO2e) higher during 2020-2022 or during 2023-2024?","9","BRA","","","","","answer with data","","two_period","5,9","Policy/planning; GIS analysts; Supply chain; Sustainable finance; Service providers; All direct-connect groups","2 Commodity supply chains; 4 Commitments","USY-001404 Mars; USY-001399 Olam","answered_without_data | aoi_id_match | data_pull_exists | dataset_id_match","Low","Impact-weighted quota: sluc (2 Commodity supply chains; 4 Commitments)","","User story USY-001404 Mars; USY-001399 Olam"
"bm26-061","existing","FALSE","ch-comp-043","comparison","Which country's forests are a larger net source of greenhouse gas emissions overall, Brazil's or Indonesia's?","6","BRA;IDN","","","","","answer with data","","two_country","1,9","Policy/planning; Program mgrs; GIS analysts; Journalists; Public/educators; All direct-connect groups","4 Commitments; 5 Finance for nature","USY-000462 CPAWS; USY-001330 FDA","answered_without_data | aoi_id_match | data_pull_exists | dataset_id_match","Low","Impact-weighted quota: ghg-flux (4 Commitments; 5 Finance for nature)","","User story USY-000462 CPAWS; USY-001330 FDA"
"bm26-062","existing","FALSE","ch-comp-047","comparison","Quick question - between Peru and Bolivia, whose forests end up releasing more net CO2e overall, or is one of them actually acting more like a carbon sink?","6","PER;BOL","","","","","answer with data","","two_country","1,9","Policy/planning; Program mgrs; GIS analysts; Journalists; Public/educators; All direct-connect groups","4 Commitments; 5 Finance for nature","USY-000462 CPAWS; USY-001330 FDA","answered_without_data | aoi_id_match | data_pull_exists | dataset_id_match","Low","Impact-weighted quota: ghg-flux (4 Commitments; 5 Finance for nature)","","User story USY-000462 CPAWS; USY-001330 FDA"
"bm26-063","existing","FALSE","ch-comp-055","comparison","Between Brazil and the Democratic Republic of the Congo, whose land cover includes a larger area of tree cover?","1","BRA;COD","","","","","answer with data","","two_country","8,11","Policy/planning; Program mgrs; GIS analysts; Supply chain; All direct-connect groups","3 Policy & planning","USY-001529 Caquetá","answered_without_data | aoi_id_match | data_pull_exists | dataset_id_match","Low","Impact-weighted quota: land-cover (3 Policy & planning)","","User story USY-001529 Caquetá"
"bm26-064","existing","FALSE","ch-comp-066","comparison","Which country had more natural/semi-natural grassland extent in 2020, Brazil or Mexico?","2","BRA;MEX","2020-01-01","2020-12-31","","","answer with data","","two_country","1,2","Policy/planning; Program mgrs; GIS analysts; Journalists; Public/educators; Field staff; Service providers","3 Policy & planning; 5 Finance","USY-001529 Caquetá; USY-001293 Sicredi","answered_without_data | aoi_id_match | data_pull_exists | dataset_id_match | date_extraction","Low","Impact-weighted quota: grasslands (3 Policy & planning; 5 Finance)","","User story USY-001529 Caquetá; USY-001293 Sicredi"
"bm26-065","existing","FALSE","ch-comp-076","comparison","So um, for Bolivia, was there more natural/semi-natural grassland lost between 2010 and 2015, or in the later stretch 2016 to 2021 - which chunk had it worse?","2","BOL","","","","","answer with data","","two_period","1,2","Policy/planning; Program mgrs; GIS analysts; Journalists; Public/educators; Field staff; Service providers","3 Policy & planning; 5 Finance","USY-001529 Caquetá; USY-001293 Sicredi","answered_without_data | aoi_id_match | data_pull_exists | dataset_id_match","Low","Impact-weighted quota: grasslands (3 Policy & planning; 5 Finance)","","User story USY-001529 Caquetá; USY-001293 Sicredi"
"bm26-066","existing","FALSE","ch-comp-078","comparison","Between Brazil and Indonesia, which country had more disturbance alert area from January to December 2024?","11","BRA;IDN","2024-01-01","2024-12-31","","","answer with data","","two_country","3,5","Policy/planning; GIS analysts; Field staff; Supply chain; Service providers; Journalists; Sustainable finance","1 Local stewardship; 4 Commitments (EUDR)","USY-000509 Malaysia; USY-001346 NJ DEP; Trase/TRACT EUDR","answered_without_data | aoi_id_match | data_pull_exists | dataset_id_match | date_extraction","Medium: alert confidence can upgrade; re-verify at refresh","Impact-weighted quota: integrated-alerts (1 Local stewardship; 4 Commitments (EUDR))","","User story USY-000509 Malaysia; USY-001346 NJ DEP; Trase/TRACT EUDR"
"bm26-067","existing","FALSE","ch-comp-085","comparison","In the Democratic Republic of the Congo, was more disturbed area flagged by deforestation alerts from July to December 2024 or from January to June 2025?","11","COD","","","","","answer with data","","two_period","3,5","Policy/planning; GIS analysts; Field staff; Supply chain; Service providers; Journalists; Sustainable finance","1 Local stewardship; 4 Commitments (EUDR)","USY-000509 Malaysia; USY-001346 NJ DEP; Trase/TRACT EUDR","answered_without_data | aoi_id_match | data_pull_exists | dataset_id_match","Medium: alert confidence can upgrade; re-verify at refresh","Impact-weighted quota: integrated-alerts (1 Local stewardship; 4 Commitments (EUDR))","","User story USY-000509 Malaysia; USY-001346 NJ DEP; Trase/TRACT EUDR"
"bm26-068","existing","FALSE","ch-comp-088","comparison","so like between Ghana and Côte d'Ivoire, which one had more of them deforestation alert type clearing going on from January 1 to June 30 2024, ballpark?","11","GHA;CIV","2024-01-01","2024-06-30","","","answer with data","","two_country","3,5","Policy/planning; GIS analysts; Field staff; Supply chain; Service providers; Journalists; Sustainable finance","1 Local stewardship; 4 Commitments (EUDR)","USY-000509 Malaysia; USY-001346 NJ DEP; Trase/TRACT EUDR","answered_without_data | aoi_id_match | data_pull_exists | dataset_id_match | date_extraction","Medium: alert confidence can upgrade; re-verify at refresh","Impact-weighted quota: integrated-alerts (1 Local stewardship; 4 Commitments (EUDR))","","User story USY-000509 Malaysia; USY-001346 NJ DEP; Trase/TRACT EUDR"
"bm26-069","existing","FALSE","ch-comp-090","comparison","Which country has more natural land, Brazil or Indonesia?","3","BRA;IDN","","","","","answer with data","","two_country","2,5,7","Program mgrs; Field staff; Service providers; Policy/planning; GIS analysts; Supply chain; Sustainable finance; Journalists","2 Commodity supply chains; 5 Finance","USY-001293 Sicredi; Trase EUDR","answered_without_data | aoi_id_match | data_pull_exists | dataset_id_match","Low","Impact-weighted quota: natural-lands (2 Commodity supply chains; 5 Finance)","","User story USY-001293 Sicredi; Trase EUDR"
"bm26-070","existing","FALSE","ch-comp-093","comparison","I'm comparing land-use profiles for a report - proportionally speaking, does Costa Rica or the United Kingdom have a bigger share of its land that's natural?","3","GBR;CRI","","","","","answer with data","","two_country","2,5,7","Program mgrs; Field staff; Service providers; Policy/planning; GIS analysts; Supply chain; Sustainable finance; Journalists","2 Commodity supply chains; 5 Finance","USY-001293 Sicredi; Trase EUDR","answered_without_data | aoi_id_match | data_pull_exists | dataset_id_match","Low","Impact-weighted quota: natural-lands (2 Commodity supply chains; 5 Finance)","","User story USY-001293 Sicredi; Trase EUDR"
"bm26-071","existing","FALSE","ch-comp-094","comparison","Which country has more non-natural land, India or Mexico?","3","IND;MEX","","","","","answer with data","","two_country","2,5,7","Program mgrs; Field staff; Service providers; Policy/planning; GIS analysts; Supply chain; Sustainable finance; Journalists","2 Commodity supply chains; 5 Finance","USY-001293 Sicredi; Trase EUDR","answered_without_data | aoi_id_match | data_pull_exists | dataset_id_match","Low","Impact-weighted quota: natural-lands (2 Commodity supply chains; 5 Finance)","","User story USY-001293 Sicredi; Trase EUDR"
"bm26-072","existing","FALSE","ch-comp-100","comparison","Which has more tree cover: Brazil or the Democratic Republic of the Congo?","7","BRA;COD","","","no_selection","","answer with data","","two_country","1,8","Policy/planning; Program mgrs; GIS analysts; Journalists; Public/educators; Supply chain","3 Policy & planning","USY-001364 El Salvador","answered_without_data | aoi_id_match | context_layer_match | data_pull_exists | dataset_id_match","Low","Impact-weighted quota: tree-cover (3 Policy & planning)","","User story USY-001364 El Salvador"
"bm26-073","existing","FALSE","ch-comp-110","comparison","Between Brazil and Indonesia, which country had greater cumulative tree cover gain from 2000 to 2020?","5","BRA;IDN","2000-01-01","2020-12-31","","","answer with data","","two_country","2,1","Program mgrs; Field staff; Service providers; Policy/planning; GIS analysts; Journalists; Public/educators","3 Policy & planning (restoration)","USY-001364 El Salvador 20x20; USY-001330 FDA","answered_without_data | aoi_id_match | data_pull_exists | dataset_id_match | date_extraction","Low","Impact-weighted quota: tc-gain (3 Policy & planning (restoration))","","User story USY-001364 El Salvador 20x20; USY-001330 FDA"
"bm26-074","existing","FALSE","ch-comp-112","comparison","Which country had greater cumulative tree cover gain between 2000 and 2020, the Democratic Republic of the Congo or Colombia?","5","COD;COL","2000-01-01","2020-12-31","","","answer with data","","two_country","2,1","Program mgrs; Field staff; Service providers; Policy/planning; GIS analysts; Journalists; Public/educators","3 Policy & planning (restoration)","USY-001364 El Salvador 20x20; USY-001330 FDA","answered_without_data | aoi_id_match | data_pull_exists | dataset_id_match | date_extraction","Low","Impact-weighted quota: tc-gain (3 Policy & planning (restoration))","","User story USY-001364 El Salvador 20x20; USY-001330 FDA"
"bm26-075","existing","FALSE","ch-comp-133","comparison","Which country experienced more tree cover loss due to fires in 2023, across all forest types: Brazil or Indonesia?","10","BRA;IDN","2023-01-01","2023-12-31","no_selection","","answer with data","","two_country","1,3,7","Policy/planning; Program mgrs; GIS analysts; Journalists; Public/educators; Field staff; Supply chain; Service providers; Sustainable finance","1 Local stewardship; 3 Policy & planning","USY-000509 Malaysia; USY-001217 Puerto Suárez; USY-001516 UNESCO","answered_without_data | aoi_id_match | context_layer_match | data_pull_exists | dataset_id_match | date_extraction","Low","Impact-weighted quota: tcl-fires (1 Local stewardship; 3 Policy & planning)","","User story USY-000509 Malaysia; USY-001217 Puerto Suárez; USY-001516 UNESCO"
"bm26-076","existing","FALSE","ch-comp-138","comparison","so like in 2023, who lost more tree cover to fires, the United Kingdom or Costa Rica, across all forest types? just curious which one had more hectares burned-ish, not looking for carbon numbers or anything","10","GBR;CRI","2023-01-01","2023-12-31","no_selection","","answer with data","","two_country","1,3,7","Policy/planning; Program mgrs; GIS analysts; Journalists; Public/educators; Field staff; Supply chain; Service providers; Sustainable finance","1 Local stewardship; 3 Policy & planning","USY-000509 Malaysia; USY-001217 Puerto Suárez; USY-001516 UNESCO","answered_without_data | aoi_id_match | context_layer_match | data_pull_exists | dataset_id_match | date_extraction","Low","Impact-weighted quota: tcl-fires (1 Local stewardship; 3 Policy & planning)","","User story USY-000509 Malaysia; USY-001217 Puerto Suárez; USY-001516 UNESCO"
"bm26-077","existing","FALSE","ch-comp-144","comparison","I'm curious about the DRC's fire-driven tree cover loss (across all forest types) — was it worse in 2014 to 2018, or did 2019 to 2023 end up losing more hectares to fires?","10","COD","","","no_selection","","answer with data","","two_period","1,3,7","Policy/planning; Program mgrs; GIS analysts; Journalists; Public/educators; Field staff; Supply chain; Service providers; Sustainable finance","1 Local stewardship; 3 Policy & planning","USY-000509 Malaysia; USY-001217 Puerto Suárez; USY-001516 UNESCO","answered_without_data | aoi_id_match | context_layer_match | data_pull_exists | dataset_id_match","Low","Impact-weighted quota: tcl-fires (1 Local stewardship; 3 Policy & planning)","","User story USY-000509 Malaysia; USY-001217 Puerto Suárez; USY-001516 UNESCO"
"bm26-078","NEW (add to Challenge first)","TRUE","","trend","Has tree cover loss in Madre de Dios, Peru been rising or falling from 2015 to 2023?","4","Madre de Dios, PER (AOI id to verify via /api/aois)","2015-01-01","2023-12-31","","","answer with data","medium","direction","1,5","Policy/planning; Program mgrs; GIS analysts; Journalists; Public/educators; Supply chain; Sustainable finance; Service providers","2 Commodity supply chains","USY-001401 Caja Cusco (Amazon Peru)","","","All Challenge analytic rows are country-level; JTBD 5 & 7 need AOI-level analysis","","User story USY-001401 Caja Cusco (Amazon Peru)"
"bm26-079","NEW (add to Challenge first)","TRUE","","trend","How has fire-driven tree cover loss in Chiribiquete National Park changed from 2015 to 2023?","10","19984 (WDPA)","2015-01-01","2023-12-31","","","answer with data","medium","direction","1,7","Policy/planning; Program mgrs; GIS analysts; Journalists; Public/educators; Field staff; Supply chain; Sustainable finance; Service providers","1 Local stewardship","USY-001516","","","All Challenge analytic rows are country-level; JTBD 5 & 7 need AOI-level analysis","","User story USY-001516"
"bm26-080","NEW (add to Challenge first)","TRUE","","trend","What is the trend in Colombia's primary forest loss from 2016 to 2023?","4","COL","2016-01-01","2023-12-31","primary_forest","","answer with data","easy","direction","1,9","Policy/planning; Program mgrs; GIS analysts; Journalists; Public/educators; All direct-connect groups","4 Commitments & accountability","USY-001330 FDA; USY-001383 GEF-9","","","Global-goals tracking (primary forest)","","User story USY-001330 FDA; USY-001383 GEF-9"
"bm26-081","NEW (add to Challenge first)","TRUE","","trend","Has tree cover loss in Ghana's Ashanti region increased between 2010 and 2023, and which year was worst?","4","Ashanti, GHA (AOI id to verify via /api/aois)","2010-01-01","2023-12-31","","","answer with data","medium","peak_year","1,5","Policy/planning; Program mgrs; GIS analysts; Journalists; Public/educators; Supply chain; Sustainable finance; Service providers","5 Finance for nature","USY-001392 Ghana Cocoa Belt","","","All Challenge analytic rows are country-level; JTBD 5 & 7 need AOI-level analysis","","User story USY-001392 Ghana Cocoa Belt"
"bm26-082","existing","FALSE","ch-trend-001","trend","Is annual tree cover loss across all forest types in Brazil trending upwards or downwards over the period 2015 to 2023?","4","BRA","2015-01-01","2023-12-31","no_selection","","answer with data","","direction","1,5,9","Policy/planning; Program mgrs; GIS analysts; Journalists; Public/educators; Supply chain; Sustainable finance; Service providers; All direct-connect groups","4 Commitments & accountability; 5 Finance for nature","USY-001284 India loss; USY-001383 GEF-9 targets; RF-UK Gabon/CAFI","answered_without_data | aoi_id_match | context_layer_match | data_pull_exists | dataset_id_match | date_extraction","Low","Impact-weighted quota: tcl (4 Commitments & accountability; 5 Finance for nature)","","User story USY-001284 India loss; USY-001383 GEF-9 targets; RF-UK Gabon/CAFI"
"bm26-083","existing","FALSE","ch-trend-002","trend","How has tree cover loss, across all forest types, in Indonesia changed year by year from 2016 to 2023? Is it rising or falling overall?","4","IDN","2016-01-01","2023-12-31","no_selection","","answer with data","","direction","1,5,9","Policy/planning; Program mgrs; GIS analysts; Journalists; Public/educators; Supply chain; Sustainable finance; Service providers; All direct-connect groups","4 Commitments & accountability; 5 Finance for nature","USY-001284 India loss; USY-001383 GEF-9 targets; RF-UK Gabon/CAFI","answered_without_data | aoi_id_match | context_layer_match | data_pull_exists | dataset_id_match | date_extraction","Low","Impact-weighted quota: tcl (4 Commitments & accountability; 5 Finance for nature)","","User story USY-001284 India loss; USY-001383 GEF-9 targets; RF-UK Gabon/CAFI"
"bm26-084","existing","FALSE","ch-trend-004","trend","In which year between 2011 and 2023 did Brazil experience its highest annual tree cover loss across all forest types?","4","BRA","2011-01-01","2023-12-31","no_selection","","answer with data","","peak_year","1,5,9","Policy/planning; Program mgrs; GIS analysts; Journalists; Public/educators; Supply chain; Sustainable finance; Service providers; All direct-connect groups","4 Commitments & accountability; 5 Finance for nature","USY-001284 India loss; USY-001383 GEF-9 targets; RF-UK Gabon/CAFI","answered_without_data | aoi_id_match | context_layer_match | data_pull_exists | dataset_id_match | date_extraction","Low","Impact-weighted quota: tcl (4 Commitments & accountability; 5 Finance for nature)","","User story USY-001284 India loss; USY-001383 GEF-9 targets; RF-UK Gabon/CAFI"
"bm26-085","existing","FALSE","ch-trend-005","trend","Which year saw the most tree cover loss across all forest types in the Democratic Republic of the Congo between 2011 and 2023?","4","COD","2011-01-01","2023-12-31","no_selection","","answer with data","","peak_year","1,5,9","Policy/planning; Program mgrs; GIS analysts; Journalists; Public/educators; Supply chain; Sustainable finance; Service providers; All direct-connect groups","4 Commitments & accountability; 5 Finance for nature","USY-001284 India loss; USY-001383 GEF-9 targets; RF-UK Gabon/CAFI","answered_without_data | aoi_id_match | context_layer_match | data_pull_exists | dataset_id_match | date_extraction","Low","Impact-weighted quota: tcl (4 Commitments & accountability; 5 Finance for nature)","","User story USY-001284 India loss; USY-001383 GEF-9 targets; RF-UK Gabon/CAFI"
"bm26-086","existing","FALSE","ch-trend-006","trend","Looking at the full period 2001 to 2023, in which year did the United Kingdom lose the most tree cover across all forest types?","4","GBR","2001-01-01","2023-12-31","no_selection","","answer with data","","peak_year","1,5,9","Policy/planning; Program mgrs; GIS analysts; Journalists; Public/educators; Supply chain; Sustainable finance; Service providers; All direct-connect groups","4 Commitments & accountability; 5 Finance for nature","USY-001284 India loss; USY-001383 GEF-9 targets; RF-UK Gabon/CAFI","answered_without_data | aoi_id_match | context_layer_match | data_pull_exists | dataset_id_match | date_extraction","Low","Impact-weighted quota: tcl (4 Commitments & accountability; 5 Finance for nature)","","User story USY-001284 India loss; USY-001383 GEF-9 targets; RF-UK Gabon/CAFI"
"bm26-087","existing","FALSE","ch-trend-007","trend","By how much did Indonesia's annual tree cover loss across all forest types change between 2016 and 2023, in absolute and percentage terms?","4","IDN","2016-01-01","2023-12-31","no_selection","","answer with data","","change_over_period","1,5,9","Policy/planning; Program mgrs; GIS analysts; Journalists; Public/educators; Supply chain; Sustainable finance; Service providers; All direct-connect groups","4 Commitments & accountability; 5 Finance for nature","USY-001284 India loss; USY-001383 GEF-9 targets; RF-UK Gabon/CAFI","answered_without_data | aoi_id_match | context_layer_match | data_pull_exists | dataset_id_match | date_extraction","Low","Impact-weighted quota: tcl (4 Commitments & accountability; 5 Finance for nature)","","User story USY-001284 India loss; USY-001383 GEF-9 targets; RF-UK Gabon/CAFI"
"bm26-088","existing","FALSE","ch-trend-008","trend","How much higher or lower was Costa Rica's tree cover loss across all forest types in 2023 compared with 2013?","4","CRI","2013-01-01","2023-12-31","no_selection","","answer with data","","change_over_period","1,5,9","Policy/planning; Program mgrs; GIS analysts; Journalists; Public/educators; Supply chain; Sustainable finance; Service providers; All direct-connect groups","4 Commitments & accountability; 5 Finance for nature","USY-001284 India loss; USY-001383 GEF-9 targets; RF-UK Gabon/CAFI","answered_without_data | aoi_id_match | context_layer_match | data_pull_exists | dataset_id_match | date_extraction","Low","Impact-weighted quota: tcl (4 Commitments & accountability; 5 Finance for nature)","","User story USY-001284 India loss; USY-001383 GEF-9 targets; RF-UK Gabon/CAFI"
"bm26-089","existing","FALSE","ch-trend-013","trend","I'm digging into Costa Rica's forest data - has tree cover loss across all forest types been trending up or down from 2013 to 2023?","4","CRI","2013-01-01","2023-12-31","no_selection","","answer with data","","direction","1,5,9","Policy/planning; Program mgrs; GIS analysts; Journalists; Public/educators; Supply chain; Sustainable finance; Service providers; All direct-connect groups","4 Commitments & accountability; 5 Finance for nature","USY-001284 India loss; USY-001383 GEF-9 targets; RF-UK Gabon/CAFI","answered_without_data | aoi_id_match | context_layer_match | data_pull_exists | dataset_id_match | date_extraction","Low","Impact-weighted quota: tcl (4 Commitments & accountability; 5 Finance for nature)","","User story USY-001284 India loss; USY-001383 GEF-9 targets; RF-UK Gabon/CAFI"
"bm26-090","existing","FALSE","ch-trend-015","trend","So like, for the UK, has tree cover loss (all forest types, not just some) been kinda going up or down between 2011 and 2023, or has it mostly just stayed flat-ish?","4","GBR","2011-01-01","2023-12-31","no_selection","","answer with data","","direction","1,5,9","Policy/planning; Program mgrs; GIS analysts; Journalists; Public/educators; Supply chain; Sustainable finance; Service providers; All direct-connect groups","4 Commitments & accountability; 5 Finance for nature","USY-001284 India loss; USY-001383 GEF-9 targets; RF-UK Gabon/CAFI","answered_without_data | aoi_id_match | context_layer_match | data_pull_exists | dataset_id_match | date_extraction","Low","Impact-weighted quota: tcl (4 Commitments & accountability; 5 Finance for nature)","","User story USY-001284 India loss; USY-001383 GEF-9 targets; RF-UK Gabon/CAFI"
"bm26-091","existing","FALSE","ch-trend-025","trend","I'm digging into the DRC's forest data - counting all tree cover types, how does annual tree cover loss in 2023 compare to what it was back in 2013?","4","COD","2013-01-01","2023-12-31","no_selection","","answer with data","","change_over_period","1,5,9","Policy/planning; Program mgrs; GIS analysts; Journalists; Public/educators; Supply chain; Sustainable finance; Service providers; All direct-connect groups","4 Commitments & accountability; 5 Finance for nature","USY-001284 India loss; USY-001383 GEF-9 targets; RF-UK Gabon/CAFI","answered_without_data | aoi_id_match | context_layer_match | data_pull_exists | dataset_id_match | date_extraction","Low","Impact-weighted quota: tcl (4 Commitments & accountability; 5 Finance for nature)","","User story USY-001284 India loss; USY-001383 GEF-9 targets; RF-UK Gabon/CAFI"
"bm26-092","existing","FALSE","ch-trend-029","trend","Between 2020 and 2024, did Brazil's soybean deforestation emission factor (tCO2e per tonne of production) go up or down?","9","BRA","2020-01-01","2024-12-31","","","answer with data","","direction","5,9","Policy/planning; GIS analysts; Supply chain; Sustainable finance; Service providers; All direct-connect groups","2 Commodity supply chains; 4 Commitments","USY-001404 Mars; USY-001399 Olam","answered_without_data | aoi_id_match | data_pull_exists | dataset_id_match | date_extraction","Low","Impact-weighted quota: sluc (2 Commodity supply chains; 4 Commitments)","","User story USY-001404 Mars; USY-001399 Olam"
"bm26-093","existing","FALSE","ch-trend-032","trend","For Arabica Coffee grown in Colombia, how does the emission factor (tCO2e per tonne of production) in 2024 compare with 2020?","9","COL","2020-01-01","2024-12-31","","","answer with data","","change_over_period","5,9","Policy/planning; GIS analysts; Supply chain; Sustainable finance; Service providers; All direct-connect groups","2 Commodity supply chains; 4 Commitments","USY-001404 Mars; USY-001399 Olam","answered_without_data | aoi_id_match | data_pull_exists | dataset_id_match | date_extraction","Low","Impact-weighted quota: sluc (2 Commodity supply chains; 4 Commitments)","","User story USY-001404 Mars; USY-001399 Olam"
"bm26-094","existing","FALSE","ch-trend-037","trend","Between 2020 and 2024, which reporting year had the highest sLUC emission factor (tCO2e per tonne of production) for Oil Palm in Malaysia?","9","MYS","2020-01-01","2024-12-31","","","answer with data","","peak_year","5,9","Policy/planning; GIS analysts; Supply chain; Sustainable finance; Service providers; All direct-connect groups","2 Commodity supply chains; 4 Commitments","USY-001404 Mars; USY-001399 Olam","answered_without_data | aoi_id_match | data_pull_exists | dataset_id_match | date_extraction","Low","Impact-weighted quota: sluc (2 Commodity supply chains; 4 Commitments)","","User story USY-001404 Mars; USY-001399 Olam"
"bm26-095","existing","FALSE","ch-trend-039","trend","How has natural/semi-natural grassland extent in Brazil changed between 2000 and 2022?","2","BRA","2000-01-01","2022-12-31","","","answer with data","","direction","1,2","Policy/planning; Program mgrs; GIS analysts; Journalists; Public/educators; Field staff; Service providers","3 Policy & planning; 5 Finance","USY-001529 Caquetá; USY-001293 Sicredi","answered_without_data | aoi_id_match | data_pull_exists | dataset_id_match | date_extraction","Low","Impact-weighted quota: grasslands (3 Policy & planning; 5 Finance)","","User story USY-001529 Caquetá; USY-001293 Sicredi"
"bm26-096","existing","FALSE","ch-trend-041","trend","I'm curious about Mexico's natural/semi-natural grassland extent—has it been rising or falling from 2005 to 2020?","2","MEX","2005-01-01","2020-12-31","","","answer with data","","direction","1,2","Policy/planning; Program mgrs; GIS analysts; Journalists; Public/educators; Field staff; Service providers","3 Policy & planning; 5 Finance","USY-001529 Caquetá; USY-001293 Sicredi","answered_without_data | aoi_id_match | data_pull_exists | dataset_id_match | date_extraction","Low","Impact-weighted quota: grasslands (3 Policy & planning; 5 Finance)","","User story USY-001529 Caquetá; USY-001293 Sicredi"
"bm26-097","existing","FALSE","ch-trend-042","trend","In Bolivia, which year between 2001 and 2022 had the highest amount of natural/semi-natural grassland lost?","2","BOL","2001-01-01","2022-12-31","","","answer with data","","peak_year","1,2","Policy/planning; Program mgrs; GIS analysts; Journalists; Public/educators; Field staff; Service providers","3 Policy & planning; 5 Finance","USY-001529 Caquetá; USY-001293 Sicredi","answered_without_data | aoi_id_match | data_pull_exists | dataset_id_match | date_extraction","Low","Impact-weighted quota: grasslands (3 Policy & planning; 5 Finance)","","User story USY-001529 Caquetá; USY-001293 Sicredi"
"bm26-098","existing","FALSE","ch-trend-045","trend","How does natural/semi-natural grassland extent in Colombia in 2022 compare with 2010?","2","COL","2010-01-01","2022-12-31","","","answer with data","","change_over_period","1,2","Policy/planning; Program mgrs; GIS analysts; Journalists; Public/educators; Field staff; Service providers","3 Policy & planning; 5 Finance","USY-001529 Caquetá; USY-001293 Sicredi","answered_without_data | aoi_id_match | data_pull_exists | dataset_id_match | date_extraction","Low","Impact-weighted quota: grasslands (3 Policy & planning; 5 Finance)","","User story USY-001529 Caquetá; USY-001293 Sicredi"
"bm26-099","existing","FALSE","ch-trend-047","trend","In Ghana, how does the natural/semi-natural grassland extent in 2015 compare to what it was in 2000?","2","GHA","2000-01-01","2015-12-31","","","answer with data","","change_over_period","1,2","Policy/planning; Program mgrs; GIS analysts; Journalists; Public/educators; Field staff; Service providers","3 Policy & planning; 5 Finance","USY-001529 Caquetá; USY-001293 Sicredi","answered_without_data | aoi_id_match | data_pull_exists | dataset_id_match | date_extraction","Low","Impact-weighted quota: grasslands (3 Policy & planning; 5 Finance)","","User story USY-001529 Caquetá; USY-001293 Sicredi"
"bm26-100","existing","FALSE","ch-trend-050","trend","Have deforestation alerts in Brazil been increasing or decreasing between January 2024 and December 2024?","11","BRA","2024-01-01","2024-12-31","","","answer with data","","direction","3,5","Policy/planning; GIS analysts; Field staff; Supply chain; Service providers; Journalists; Sustainable finance","1 Local stewardship; 4 Commitments (EUDR)","USY-000509 Malaysia; USY-001346 NJ DEP; Trase/TRACT EUDR","answered_without_data | aoi_id_match | data_pull_exists | dataset_id_match | date_extraction","Medium: alert confidence can upgrade; re-verify at refresh","Impact-weighted quota: integrated-alerts (1 Local stewardship; 4 Commitments (EUDR))","","User story USY-000509 Malaysia; USY-001346 NJ DEP; Trase/TRACT EUDR"
"bm26-101","existing","FALSE","ch-trend-052","trend","What was the month-by-month pattern of deforestation alert area in Indonesia from January to December 2024?","11","IDN","2024-01-01","2024-12-31","","","answer with data","","monthly_trend","3,5","Policy/planning; GIS analysts; Field staff; Supply chain; Service providers; Journalists; Sustainable finance","1 Local stewardship; 4 Commitments (EUDR)","USY-000509 Malaysia; USY-001346 NJ DEP; Trase/TRACT EUDR","answered_without_data | aoi_id_match | data_pull_exists | dataset_id_match | date_extraction","Medium: alert confidence can upgrade; re-verify at refresh","Impact-weighted quota: integrated-alerts (1 Local stewardship; 4 Commitments (EUDR))","","User story USY-000509 Malaysia; USY-001346 NJ DEP; Trase/TRACT EUDR"
"bm26-102","existing","FALSE","ch-trend-053","trend","I've been keeping an eye on the DRC lately—can you tell me if deforestation alerts there have been trending up or down from March 1 to August 31, 2024?","11","COD","2024-03-01","2024-08-31","","","answer with data","","direction","3,5","Policy/planning; GIS analysts; Field staff; Supply chain; Service providers; Journalists; Sustainable finance","1 Local stewardship; 4 Commitments (EUDR)","USY-000509 Malaysia; USY-001346 NJ DEP; Trase/TRACT EUDR","answered_without_data | aoi_id_match | data_pull_exists | dataset_id_match | date_extraction","Medium: alert confidence can upgrade; re-verify at refresh","Impact-weighted quota: integrated-alerts (1 Local stewardship; 4 Commitments (EUDR))","","User story USY-000509 Malaysia; USY-001346 NJ DEP; Trase/TRACT EUDR"
"bm26-103","existing","FALSE","ch-trend-054","trend","What is the month-by-month pattern of disturbance alert area, in hectares, across Peru from January 1 to June 30, 2024?","11","PER","2024-01-01","2024-06-30","","","answer with data","","monthly_trend","3,5","Policy/planning; GIS analysts; Field staff; Supply chain; Service providers; Journalists; Sustainable finance","1 Local stewardship; 4 Commitments (EUDR)","USY-000509 Malaysia; USY-001346 NJ DEP; Trase/TRACT EUDR","answered_without_data | aoi_id_match | data_pull_exists | dataset_id_match | date_extraction","Medium: alert confidence can upgrade; re-verify at refresh","Impact-weighted quota: integrated-alerts (1 Local stewardship; 4 Commitments (EUDR))","","User story USY-000509 Malaysia; USY-001346 NJ DEP; Trase/TRACT EUDR"
"bm26-104","existing","FALSE","ch-trend-055","trend","Have deforestation alerts in Colombia been rising or falling over the course of 2024, from January to December?","11","COL","2024-01-01","2024-12-31","","","answer with data","","direction","3,5","Policy/planning; GIS analysts; Field staff; Supply chain; Service providers; Journalists; Sustainable finance","1 Local stewardship; 4 Commitments (EUDR)","USY-000509 Malaysia; USY-001346 NJ DEP; Trase/TRACT EUDR","answered_without_data | aoi_id_match | data_pull_exists | dataset_id_match | date_extraction","Medium: alert confidence can upgrade; re-verify at refresh","Impact-weighted quota: integrated-alerts (1 Local stewardship; 4 Commitments (EUDR))","","User story USY-000509 Malaysia; USY-001346 NJ DEP; Trase/TRACT EUDR"
"bm26-105","existing","FALSE","ch-trend-061","trend","Between 2011 and 2023, did fire-driven tree cover loss in Brazil, across all forest types, trend upward or downward?","10","BRA","2011-01-01","2023-12-31","no_selection","","answer with data","","direction","1,3,7","Policy/planning; Program mgrs; GIS analysts; Journalists; Public/educators; Field staff; Supply chain; Service providers; Sustainable finance","1 Local stewardship; 3 Policy & planning","USY-000509 Malaysia; USY-001217 Puerto Suárez; USY-001516 UNESCO","answered_without_data | aoi_id_match | context_layer_match | data_pull_exists | dataset_id_match | date_extraction","Low","Impact-weighted quota: tcl-fires (1 Local stewardship; 3 Policy & planning)","","User story USY-000509 Malaysia; USY-001217 Puerto Suárez; USY-001516 UNESCO"
"bm26-106","existing","FALSE","ch-trend-063","trend","I'm curious about Indonesia's fire-driven tree cover loss (across all forest types) between 2012 and 2024 — has it been trending up or down over that stretch?","10","IDN","2012-01-01","2024-12-31","no_selection","","answer with data","","direction","1,3,7","Policy/planning; Program mgrs; GIS analysts; Journalists; Public/educators; Field staff; Supply chain; Service providers; Sustainable finance","1 Local stewardship; 3 Policy & planning","USY-000509 Malaysia; USY-001217 Puerto Suárez; USY-001516 UNESCO","answered_without_data | aoi_id_match | context_layer_match | data_pull_exists | dataset_id_match | date_extraction","Low","Impact-weighted quota: tcl-fires (1 Local stewardship; 3 Policy & planning)","","User story USY-000509 Malaysia; USY-001217 Puerto Suárez; USY-001516 UNESCO"
"bm26-107","existing","FALSE","ch-trend-066","trend","Which year between 2001 and 2010 had the highest tree cover loss due to fires in Brazil, across all forest types?","10","BRA","2001-01-01","2010-12-31","no_selection","","answer with data","","peak_year","1,3,7","Policy/planning; Program mgrs; GIS analysts; Journalists; Public/educators; Field staff; Supply chain; Service providers; Sustainable finance","1 Local stewardship; 3 Policy & planning","USY-000509 Malaysia; USY-001217 Puerto Suárez; USY-001516 UNESCO","answered_without_data | aoi_id_match | context_layer_match | data_pull_exists | dataset_id_match | date_extraction","Low","Impact-weighted quota: tcl-fires (1 Local stewardship; 3 Policy & planning)","","User story USY-000509 Malaysia; USY-001217 Puerto Suárez; USY-001516 UNESCO"
"bm26-108","existing","FALSE","ch-trend-067","trend","Counting all tree cover types in Indonesia, how does fire-driven tree cover loss in 2024 compare to what it was in 2015?","10","IDN","2015-01-01","2024-12-31","no_selection","","answer with data","","change_over_period","1,3,7","Policy/planning; Program mgrs; GIS analysts; Journalists; Public/educators; Field staff; Supply chain; Service providers; Sustainable finance","1 Local stewardship; 3 Policy & planning","USY-000509 Malaysia; USY-001217 Puerto Suárez; USY-001516 UNESCO","answered_without_data | aoi_id_match | context_layer_match | data_pull_exists | dataset_id_match | date_extraction","Low","Impact-weighted quota: tcl-fires (1 Local stewardship; 3 Policy & planning)","","User story USY-000509 Malaysia; USY-001217 Puerto Suárez; USY-001516 UNESCO"
"bm26-109","existing","FALSE","ch-trend-071","trend","Between 2001 and 2020, did tree cover loss due to fires in Brazil, across all forest types, trend upward or downward?","10","BRA","2001-01-01","2020-12-31","no_selection","","answer with data","","direction","1,3,7","Policy/planning; Program mgrs; GIS analysts; Journalists; Public/educators; Field staff; Supply chain; Service providers; Sustainable finance","1 Local stewardship; 3 Policy & planning","USY-000509 Malaysia; USY-001217 Puerto Suárez; USY-001516 UNESCO","answered_without_data | aoi_id_match | context_layer_match | data_pull_exists | dataset_id_match | date_extraction","Low","Impact-weighted quota: tcl-fires (1 Local stewardship; 3 Policy & planning)","","User story USY-000509 Malaysia; USY-001217 Puerto Suárez; USY-001516 UNESCO"
"bm26-110","NEW (add to Challenge first)","TRUE","","monitoring","Have there been any new deforestation alerts in Virunga National Park in the last month?","11","166889 (WDPA)","run-30d","run","","","answer with data","medium","recent_presence","3,7","Policy/planning; GIS analysts; Field staff; Supply chain; Service providers; Journalists; Sustainable finance","1 Local stewardship","USY-000509 Malaysia follow-up on alerts","","","Monitoring (JTBD 3) = 14.3% of traffic, zero Challenge rows today","Needs relative-date expectations resolved at run time + live ground truth","User story USY-000509 Malaysia follow-up on alerts"
"bm26-111","NEW (add to Challenge first)","TRUE","","monitoring","How many hectares of disturbance alerts were detected in the Kayapó Indigenous Territory over the past 3 months?","11","BRA1507 (Landmark)","run-90d","run","","","answer with data","medium","recent_area","3,7","Policy/planning; GIS analysts; Field staff; Supply chain; Service providers; Journalists; Sustainable finance","1 Local stewardship","USY-000852 community territory monitoring","","","Monitoring (JTBD 3) = 14.3% of traffic, zero Challenge rows today","Needs relative-date expectations resolved at run time + live ground truth","User story USY-000852 community territory monitoring"
"bm26-112","NEW (add to Challenge first)","TRUE","","monitoring","Show me high-confidence alerts in Mato Grosso from this week","11","Mato Grosso, BRA (AOI id to verify via /api/aois)","run-7d","run","","confidence=high","answer with data","hard","by_confidence","3,5","Policy/planning; GIS analysts; Field staff; Supply chain; Service providers; Journalists; Sustainable finance","1 Local stewardship","Mato Grosso public attorney (illegal deforestation)","","","Monitoring (JTBD 3) = 14.3% of traffic, zero Challenge rows today","Needs relative-date expectations resolved at run time + live ground truth","User story Mato Grosso public attorney (illegal deforestation)"
"bm26-113","NEW (add to Challenge first)","TRUE","","monitoring","Any disturbance alerts in Yasuni National Park since January 1 this year?","11","186 (WDPA)","run-YTD","run","","","answer with data","medium","ytd","3,7","Policy/planning; GIS analysts; Field staff; Supply chain; Service providers; Journalists; Sustainable finance","1 Local stewardship","USY-000509","","","Monitoring (JTBD 3) = 14.3% of traffic, zero Challenge rows today","Needs relative-date expectations resolved at run time + live ground truth","User story USY-000509"
"bm26-114","NEW (add to Challenge first)","TRUE","","monitoring","Were there deforestation alerts in Salonga National Park in the last two weeks, and how much area?","11","555697863 (WDPA)","run-14d","run","","","answer with data","medium","recent_area","3,7","Policy/planning; GIS analysts; Field staff; Supply chain; Service providers; Journalists; Sustainable finance","1 Local stewardship","USY-001516 World Heritage forests","","","Monitoring (JTBD 3) = 14.3% of traffic, zero Challenge rows today","Needs relative-date expectations resolved at run time + live ground truth","User story USY-001516 World Heritage forests"
"bm26-115","NEW (add to Challenge first)","TRUE","","monitoring","What is the total disturbance alert area in Malaysia over the last 30 days, broken down by confidence?","11","MYS","run-30d","run","","","answer with data","medium","by_confidence","3","Policy/planning; GIS analysts; Field staff; Supply chain; Service providers; Journalists","1 Local stewardship","USY-000509 Malaysian Forest Monitoring Lab","","","Monitoring (JTBD 3) = 14.3% of traffic, zero Challenge rows today","Needs relative-date expectations resolved at run time + live ground truth","User story USY-000509 Malaysian Forest Monitoring Lab"
"bm26-116","NEW (add to Challenge first)","TRUE","","monitoring","How much alert area was flagged in Sabah last month?","11","Sabah, MYS (AOI id to verify via /api/aois)","prev calendar month","","","","answer with data","medium","recent_area","3,5","Policy/planning; GIS analysts; Field staff; Supply chain; Service providers; Journalists; Sustainable finance","1 Local stewardship","USY-000509","","","Monitoring (JTBD 3) = 14.3% of traffic, zero Challenge rows today","Needs relative-date expectations resolved at run time + live ground truth","User story USY-000509"
"bm26-117","NEW (add to Challenge first)","TRUE","","monitoring","Show me recent fire and deforestation alerts around Puerto Suárez, Bolivia","11","Puerto Suárez, BOL (AOI id to verify via /api/aois)","run-30d (default recent window)","run","","","answer with data; state window used","hard","recent_default","3","Policy/planning; GIS analysts; Field staff; Supply chain; Service providers; Journalists","1 Local stewardship","USY-001217 Puerto Suárez monitoring system","","","Monitoring (JTBD 3) = 14.3% of traffic, zero Challenge rows today","Needs relative-date expectations resolved at run time + live ground truth; tests default-window disclosure","User story USY-001217 Puerto Suárez monitoring system"
"bm26-118","NEW (add to Challenge first)","TRUE","","monitoring","Are deforestation alerts in Gunung Leuser National Park higher this month than last month?","11","1251 (WDPA)","prev month vs current month","","","","answer with data","hard","recent_vs_prior","3,7","Policy/planning; GIS analysts; Field staff; Supply chain; Service providers; Journalists; Sustainable finance","1 Local stewardship","USY-000509","","","Monitoring (JTBD 3) = 14.3% of traffic, zero Challenge rows today","Needs relative-date expectations resolved at run time + live ground truth","User story USY-000509"
"bm26-119","NEW (add to Challenge first)","TRUE","","monitoring","How much disturbance alert area has North Kalimantan had in the last 90 days?","11","IDN.35","run-90d","run","","","answer with data","medium","recent_area","3,5","Policy/planning; GIS analysts; Field staff; Supply chain; Service providers; Journalists; Sustainable finance","1 Local stewardship","USY-000509","","","Monitoring (JTBD 3) = 14.3% of traffic, zero Challenge rows today","Needs relative-date expectations resolved at run time + live ground truth","User story USY-000509"
"bm26-120","NEW (add to Challenge first)","TRUE","","monitoring","Have there been any disturbance alerts in Ghana's Western North region recently?","11","Western North, GHA (AOI id to verify via /api/aois)","run-30d (default)","run","","","answer with data; state window used","hard","recent_default","3,5","Policy/planning; GIS analysts; Field staff; Supply chain; Service providers; Journalists; Sustainable finance","5 Finance for nature","USY-001392 Ghana Cocoa Belt","","","Monitoring (JTBD 3) = 14.3% of traffic, zero Challenge rows today","Needs relative-date expectations resolved at run time + live ground truth","User story USY-001392 Ghana Cocoa Belt"
"bm26-121","NEW (add to Challenge first)","TRUE","","monitoring","How many hectares of alerts were detected in Cusco region, Peru in the past 60 days?","11","Cusco, PER (AOI id to verify via /api/aois)","run-60d","run","","","answer with data","medium","recent_area","3,5","Policy/planning; GIS analysts; Field staff; Supply chain; Service providers; Journalists; Sustainable finance","2 Commodity supply chains","USY-001386/001401 Caja Cusco Agroprotector","","","Monitoring (JTBD 3) = 14.3% of traffic, zero Challenge rows today","Needs relative-date expectations resolved at run time + live ground truth","User story USY-001386/001401 Caja Cusco Agroprotector"
"bm26-122","NEW (add to Challenge first)","TRUE","","monitoring","How many hectares of disturbance alerts has Caquetá, Colombia had since the start of the year?","11","Caquetá, COL (AOI id to verify via /api/aois)","run-YTD","run","","","answer with data","medium","ytd","3,5","Policy/planning; GIS analysts; Field staff; Supply chain; Service providers; Journalists; Sustainable finance","3 Policy & planning","USY-001529 Caquetá land-use planning","","","Monitoring (JTBD 3) = 14.3% of traffic, zero Challenge rows today","Needs relative-date expectations resolved at run time + live ground truth","User story USY-001529 Caquetá land-use planning"
"bm26-123","NEW (add to Challenge first)","TRUE","","monitoring","Any new alerts in the Matsés Native Community this month?","11","PER1700 (Landmark)","current month","run","","","answer with data","medium","recent_presence","3,7","Policy/planning; GIS analysts; Field staff; Supply chain; Service providers; Journalists; Sustainable finance","1 Local stewardship","USY-000852","","","Monitoring (JTBD 3) = 14.3% of traffic, zero Challenge rows today","Needs relative-date expectations resolved at run time + live ground truth","User story USY-000852"
"bm26-124","NEW (add to Challenge first)","TRUE","","monitoring","Summarize disturbance alerts in Chiribiquete National Park over the last 6 months, month by month","11","19984 (WDPA)","run-6mo","run","","","answer with data + monthly chart","medium","monthly_recent","3,7","Policy/planning; GIS analysts; Field staff; Supply chain; Service providers; Journalists; Sustainable finance","1 Local stewardship","USY-000509","","","Monitoring (JTBD 3) = 14.3% of traffic, zero Challenge rows today","Needs relative-date expectations resolved at run time + live ground truth","User story USY-000509"
"bm26-125","NEW (add to Challenge first)","TRUE","","monitoring","Did alert area in Odzala-Kokoua National Park go up in the last 30 days compared with the 30 days before?","11","643 (WDPA)","run-60d split","run","","","answer with data","hard","recent_vs_prior","3,7","Policy/planning; GIS analysts; Field staff; Supply chain; Service providers; Journalists; Sustainable finance","1 Local stewardship","USY-000509","","","Monitoring (JTBD 3) = 14.3% of traffic, zero Challenge rows today","Needs relative-date expectations resolved at run time + live ground truth","User story USY-000509"
"bm26-126","NEW (add to Challenge first)","TRUE","","monitoring","Show me vegetation disturbance alerts in New Jersey from the past month","11","New Jersey, USA (AOI id to verify via /api/aois)","run-30d","run","","","answer with data","medium","recent_area","3","Policy/planning; GIS analysts; Field staff; Supply chain; Service providers; Journalists","4 Commitments & accountability","USY-001346 NJ DEP No Net Loss","","","Monitoring (JTBD 3) = 14.3% of traffic, zero Challenge rows today","Needs relative-date expectations resolved at run time + live ground truth; temperate, non-forest disturbance","User story USY-001346 NJ DEP No Net Loss"
"bm26-127","NEW (add to Challenge first)","TRUE","","monitoring","Houve novos alertas de desmatamento no estado do Pará na última semana?","11","BRA.14","run-7d","run","","","answer with data (in Portuguese)","medium","recent_presence","3","Policy/planning; GIS analysts; Field staff; Supply chain; Service providers; Journalists","1 Local stewardship","Brazilian state/municipal enforcement users","","","Monitoring (JTBD 3) = 14.3% of traffic, zero Challenge rows today; pt","Needs relative-date expectations resolved at run time + live ground truth","User story Brazilian state/municipal enforcement users"
"bm26-128","NEW (add to Challenge first)","TRUE","","monitoring","¿Cuántas hectáreas de alertas hubo en el Parque Nacional Madidi en los últimos 30 días?","11","98183 (WDPA)","run-30d","run","","","answer with data (in Spanish)","medium","recent_area","3,7","Policy/planning; GIS analysts; Field staff; Supply chain; Service providers; Journalists; Sustainable finance","1 Local stewardship","USY-001217 (Bolivia)","","","Monitoring (JTBD 3) = 14.3% of traffic, zero Challenge rows today; es","Needs relative-date expectations resolved at run time + live ground truth","User story USY-001217 (Bolivia)"
"bm26-129","NEW (add to Challenge first)","TRUE","","monitoring","Berapa luas peringatan deforestasi di Kalimantan Utara bulan lalu?","11","IDN.35","prev calendar month","","","","answer with data (in Indonesian)","medium","recent_area","3","Policy/planning; GIS analysts; Field staff; Supply chain; Service providers; Journalists","1 Local stewardship","USY-000591 TuK Indonesia","","","Monitoring (JTBD 3) = 14.3% of traffic, zero Challenge rows today; id","Needs relative-date expectations resolved at run time + live ground truth","User story USY-000591 TuK Indonesia"
"bm26-130","NEW (add to Challenge first)","TRUE","","monitoring","Y a-t-il eu des alertes de déforestation dans le Parc National de la Lopé ce mois-ci ?","11","303875 (WDPA)","current month","run","","","answer with data (in French)","medium","recent_presence","3,7","Policy/planning; GIS analysts; Field staff; Supply chain; Service providers; Journalists; Sustainable finance","1 Local stewardship","USY-000509","","","Monitoring (JTBD 3) = 14.3% of traffic, zero Challenge rows today; fr","Needs relative-date expectations resolved at run time + live ground truth","User story USY-000509"
"bm26-131","NEW (add to Challenge first)","TRUE","","monitoring","Which province of the DRC had the most disturbance alert area in the last 30 days?","11","COD provinces","run-30d","run","","","answer with data; ranked","hard","recent_rank","3,8","Policy/planning; GIS analysts; Field staff; Supply chain; Service providers; Journalists; Program mgrs","1 Local stewardship","USY-000509 hot-spot identification","","","Monitoring (JTBD 3) = 14.3% of traffic, zero Challenge rows today; ranking","Needs relative-date expectations resolved at run time + live ground truth; needs multi-AOI ranking support","User story USY-000509 hot-spot identification"
"bm26-132","NEW (add to Challenge first)","TRUE","","monitoring","Show me the latest alerts in the Okapi Wildlife Reserve and tell me how confident they are","11","37043 (WDPA)","run-30d (default)","run","","","answer with data incl. confidence caveat","medium","by_confidence","3,7","Policy/planning; GIS analysts; Field staff; Supply chain; Service providers; Journalists; Sustainable finance","1 Local stewardship","USY-000509","","","Monitoring (JTBD 3) = 14.3% of traffic, zero Challenge rows today; explanation caveat","Needs relative-date expectations resolved at run time + live ground truth","User story USY-000509"
"bm26-133","NEW (add to Challenge first)","TRUE","","monitoring","Any new alerts in my area?","—","— (no AOI given)","","","","","clarify: ask which area","medium","no_aoi","3","Policy/planning; GIS analysts; Field staff; Supply chain; Service providers; Journalists","Cross-cutting: trust","—","","","Monitoring prompts with no AOI must not guess","Scope row; info-only until clarification validator stable","JTBD matrix"
"bm26-134","NEW (add to Challenge first)","TRUE","","monitoring","Email me every time there is a new alert in Kruger National Park","—","873 (WDPA)","","","","","redirect to alert-subscription feature; must not claim to have set it up","hard","unsupported_action","3","Policy/planning; GIS analysts; Field staff; Supply chain; Service providers; Journalists","Cross-cutting: trust","Roadmap job area 4 (NRT alerting)","","","Guards against false claims of action","Scope row; expected_text_match judge","User story Roadmap job area 4 (NRT alerting)"
"bm26-135","NEW (add to Challenge first)","TRUE","","monitoring","Any deforestation alerts inside oil palm concessions in Riau in the last month?","11","Riau, IDN (AOI id to verify via /api/aois) + concession layer","run-30d","run","","","answer with data, or state concession layer is not available","hard","concession_alerts","3,5,7","Policy/planning; GIS analysts; Field staff; Supply chain; Service providers; Journalists; Sustainable finance","2 Commodity supply chains","USY-000591 TuK concessions; USY-001404 Mars","","","Rebalance: target-user evidence (flagship jobs) over current Horizon traffic; concessions (JTBD 7)","Needs relative-date expectations resolved at run time + live ground truth; confirm concession layer support","User story USY-000591 TuK concessions; USY-001404 Mars"
"bm26-136","NEW (add to Challenge first)","TRUE","","monitoring","Were there any alerts within 10 km of this mill at -1.25, 101.45 this month?","—","— (coordinates)","current month","run","","","decline or redirect: point/buffer AOIs not supported; must not guess an area","hard","buffer_unsupported","3,5","Policy/planning; GIS analysts; Field staff; Supply chain; Service providers; Journalists; Sustainable finance","Cross-cutting: trust","USY-001399 Olam mills","","","Common supply-chain monitoring ask; tests safe refusal","Re-classify to answerable if buffer AOIs ship","User story USY-001399 Olam mills"
"bm26-137","NEW (add to Challenge first)","TRUE","","monitoring","Across my saved areas, which one had the most new alerts this week?","11","User dashboard AOIs (test fixture)","run-7d","run","","","answer with data; ranked across saved AOIs","hard","portfolio_rank","3,5","Policy/planning; GIS analysts; Field staff; Supply chain; Service providers; Journalists; Sustainable finance","1 Local stewardship","Roadmap job area 3 (portfolio monitoring)","","","Rebalance: target-user evidence (flagship jobs) over current Horizon traffic; portfolio triage (JTBD 5)","Needs relative-date expectations resolved at run time + live ground truth; needs a seeded test account with saved AOIs","User story Roadmap job area 3 (portfolio monitoring)"
"bm26-138","NEW (add to Challenge first)","TRUE","","monitoring","Summarize alerts in Sankuru National Reserve over the two weeks since my last check","11","354001 (WDPA)","run-14d","run","","","answer with data","medium","recent_area","3,7","Policy/planning; GIS analysts; Field staff; Supply chain; Service providers; Journalists; Sustainable finance","1 Local stewardship","USY-000509","","","Rebalance: target-user evidence (flagship jobs) over current Horizon traffic","Needs relative-date expectations resolved at run time + live ground truth","User story USY-000509"
"bm26-139","NEW (add to Challenge first)","TRUE","","monitoring","How many high-confidence alerts were there in Tesso Nilo National Park in the last 30 days?","11","Tesso Nilo NP, IDN (AOI id to verify via /api/aois)","run-30d","run","","confidence=high","answer with data","medium","by_confidence","3,7","Policy/planning; GIS analysts; Field staff; Supply chain; Service providers; Journalists; Sustainable finance","1 Local stewardship","USY-000591 TuK (Riau fires)","","","Rebalance: target-user evidence (flagship jobs) over current Horizon traffic","Needs relative-date expectations resolved at run time + live ground truth","User story USY-000591 TuK (Riau fires)"
"bm26-140","NEW (add to Challenge first)","TRUE","","causal","Why has tree cover loss been so high in Ghana's Western region?","8","Western, GHA (AOI id to verify via /api/aois)","2001","2024","","","answer with drivers data; caveat that drivers ≠ proof of cause","hard","why_subnational","1,7","Policy/planning; Program mgrs; GIS analysts; Journalists; Public/educators; Field staff; Supply chain; Sustainable finance; Service providers","5 Finance for nature","USY-001392 Ghana Cocoa Belt (mining)","","","Causal = 10.7% of traffic; only 6 Challenge rows, all country-level","","User story USY-001392 Ghana Cocoa Belt (mining)"
"bm26-141","NEW (add to Challenge first)","TRUE","","causal","What caused the spike in Bolivia's tree cover loss in 2024?","10;8","BOL","2024-01-01","2024-12-31","","","answer with fire + driver data","hard","spike_attribution","1","Policy/planning; Program mgrs; GIS analysts; Journalists; Public/educators","1 Local stewardship","USY-001217 Bolivia fires","","","Causal gap","","User story USY-001217 Bolivia fires"
"bm26-142","NEW (add to Challenge first)","TRUE","","causal","Why did Brazil lose so much primary forest in 2016?","10;8","BRA","2016-01-01","2016-12-31","primary_forest","","answer with data; fire share; no invented causes","hard","spike_attribution","1,9","Policy/planning; Program mgrs; GIS analysts; Journalists; Public/educators; All direct-connect groups","4 Commitments & accountability","USY-001330 FDA primary loss","","","Causal gap; tests hallucinated narrative","","User story USY-001330 FDA primary loss"
"bm26-143","NEW (add to Challenge first)","TRUE","","causal","Is mining driving forest loss in Ghana?","8","GHA","2001","2024","","","answer with drivers data (hard commodities); caveat","medium","driver_check","1,7","Policy/planning; Program mgrs; GIS analysts; Journalists; Public/educators; Field staff; Supply chain; Sustainable finance; Service providers","5 Finance for nature","USY-001392","","","Causal gap","","User story USY-001392"
"bm26-144","NEW (add to Challenge first)","TRUE","","causal","Is palm oil what's driving tree cover loss in Riau, Indonesia?","8","Riau, IDN (AOI id to verify via /api/aois)","2001","2024","","","answer: permanent agriculture share; must NOT attribute to palm oil specifically without commodity data","hard","commodity_overclaim","1,7","Policy/planning; Program mgrs; GIS analysts; Journalists; Public/educators; Field staff; Supply chain; Sustainable finance; Service providers","2 Commodity supply chains","USY-001404 Mars palm oil","","","Explanation trap: commodity over-claiming","","User story USY-001404 Mars palm oil"
"bm26-145","NEW (add to Challenge first)","TRUE","","causal","How much of the tree cover loss in Salonga National Park between 2015 and 2023 was caused by fire?","10","555697863 (WDPA)","2015-01-01","2023-12-31","","","answer with data","medium","fire_share_pa","1,7","Policy/planning; Program mgrs; GIS analysts; Journalists; Public/educators; Field staff; Supply chain; Sustainable finance; Service providers","3 Policy & planning","USY-001516 UNESCO (fire share in WH forests)","","","Causal gap at PA level","","User story USY-001516 UNESCO (fire share in WH forests)"
"bm26-146","NEW (add to Challenge first)","TRUE","","causal","Why is deforestation increasing in Pará?","4;8","BRA.14","2015","2023","","","check premise against trend; drivers; caveat on causality","hard","premise_check","1,7","Policy/planning; Program mgrs; GIS analysts; Journalists; Public/educators; Field staff; Supply chain; Sustainable finance; Service providers","4 Commitments & accountability","Brazilian enforcement users","","","Tests premise-checking (is it increasing?)","","User story Brazilian enforcement users"
"bm26-147","NEW (add to Challenge first)","TRUE","","causal","Did cocoa farming cause deforestation in Côte d'Ivoire?","8;9","CIV","2001","2024","","","answer with drivers + sLUC cocoa data; caveat on attribution","hard","commodity_overclaim","5,9","Policy/planning; GIS analysts; Supply chain; Sustainable finance; Service providers; All direct-connect groups","2 Commodity supply chains","USY-001399 Olam; Mars","","","Causal gap; supply-chain framing","","User story USY-001399 Olam; Mars"
"bm26-148","NEW (add to Challenge first)","TRUE","","causal","What is causing tree cover loss in the Kayapó Indigenous Territory?","8","BRA1507 (Landmark)","2001","2024","","","answer with drivers data","medium","why_territory","1,7","Policy/planning; Program mgrs; GIS analysts; Journalists; Public/educators; Field staff; Supply chain; Sustainable finance; Service providers","1 Local stewardship","USY-000852 territory monitoring","","","Causal gap at Indigenous-territory level","","User story USY-000852 territory monitoring"
"bm26-149","NEW (add to Challenge first)","TRUE","","causal","Why was Gabon's tree cover loss higher in 2016–2017 than its 2006–2015 average, when it reported lower emissions?","4;8","GAB","2006-01-01","2017-12-31","","","answer with data; must caveat that selective logging is not captured by satellite loss data","hard","caveat_required","1,9","Policy/planning; Program mgrs; GIS analysts; Journalists; Public/educators; All direct-connect groups","5 Finance for nature","Rainforest Foundation UK vs CAFI results-based payment","","","Explanation caveat on a real funder-relevant dispute","","User story Rainforest Foundation UK vs CAFI results-based payment"
"bm26-150","NEW (add to Challenge first)","TRUE","","causal","Is soy or cattle driving tree cover loss in Mato Grosso since 2015?","8","Mato Grosso, BRA (AOI id to verify via /api/aois)","2015-01-01","2024-12-31","","","answer with drivers data; must not name a commodity the data does not identify","hard","commodity_overclaim","1,5,7","Policy/planning; Program mgrs; GIS analysts; Journalists; Public/educators; Supply chain; Sustainable finance; Service providers; Field staff","2 Commodity supply chains","Trase EUDR; USY-001293 Sicredi","","","Commodity over-claiming trap (supply-chain users)","","User story Trase EUDR; USY-001293 Sicredi"
"bm26-151","NEW (add to Challenge first)","TRUE","","causal","Why did primary forest loss in Colombia drop after 2021?","4;8","COL","2019-01-01","2024-12-31","primary_forest","","check premise against data; drivers; caveat on causality","hard","premise_check","1,9","Policy/planning; Program mgrs; GIS analysts; Journalists; Public/educators; All direct-connect groups","4 Commitments & accountability","USY-001330 FDA; USY-001383 GEF-9","","","Premise check on a policy-relevant trend","","User story USY-001330 FDA; USY-001383 GEF-9"
"bm26-152","NEW (add to Challenge first)","TRUE","","causal","Is logging responsible for forest loss in Gabon?","8","GAB","2001-01-01","2024-12-31","","","answer with drivers (logging category); caveat that selective logging is under-detected","hard","caveat_required","1,9","Policy/planning; Program mgrs; GIS analysts; Journalists; Public/educators; All direct-connect groups","5 Finance for nature","Rainforest Foundation UK vs CAFI","","","Explanation caveat (finance users)","","User story Rainforest Foundation UK vs CAFI"
"bm26-153","NEW (add to Challenge first)","TRUE","","causal","Why is tree cover loss rising in Chiribiquete National Park?","4;8;10","19984 (WDPA)","2015-01-01","2023-12-31","","","check premise; drivers + fire share inside PA","hard","why_pa","1,7","Policy/planning; Program mgrs; GIS analysts; Journalists; Public/educators; Field staff; Supply chain; Sustainable finance; Service providers","1 Local stewardship","USY-001516","","","Causal at PA level","","User story USY-001516"
"bm26-154","NEW (add to Challenge first)","TRUE","","causal","Are fires or agriculture the bigger cause of tree cover loss in Madre de Dios, 2015–2023?","8;10","Madre de Dios, PER (AOI id to verify via /api/aois)","2015-01-01","2023-12-31","","","answer with drivers + fire data","medium","driver_vs_fire","1,5","Policy/planning; Program mgrs; GIS analysts; Journalists; Public/educators; Supply chain; Sustainable finance; Service providers","5 Finance for nature","USY-001401 Caja Cusco","","","Causal at subnational level","","User story USY-001401 Caja Cusco"
"bm26-155","NEW (add to Challenge first)","TRUE","","causal","What caused Indonesia's spike in tree cover loss in 2016?","10;8","IDN","2016-01-01","2016-12-31","","","answer with fire + driver data (2015 fire season effects)","easy","spike_attribution","1,9","Policy/planning; Program mgrs; GIS analysts; Journalists; Public/educators; All direct-connect groups","4 Commitments & accountability","USY-000591 TuK","","","Causal, country level; well-documented answer","","User story USY-000591 TuK"
"bm26-156","NEW (add to Challenge first)","TRUE","","causal","How much of the DRC's tree cover loss from 2015 to 2024 came from shifting cultivation versus permanent agriculture?","8","COD","2015-01-01","2024-12-31","","","answer with data","medium","driver_share","1,9","Policy/planning; Program mgrs; GIS analysts; Journalists; Public/educators; All direct-connect groups","4 Commitments & accountability","USY-001330 FDA drivers","","","Driver attribution with fixed window","","User story USY-001330 FDA drivers"
"bm26-157","NEW (add to Challenge first)","TRUE","","causal","What is driving tree cover loss around Taï National Park in Côte d'Ivoire?","8","Taï NP, CIV (AOI id to verify via /api/aois)","2001-01-01","2024-12-31","","","answer with drivers data; cocoa caveat","hard","why_pa","1,7","Policy/planning; Program mgrs; GIS analysts; Journalists; Public/educators; Field staff; Supply chain; Sustainable finance; Service providers","2 Commodity supply chains","USY-001399 Olam cocoa; Mars","","","Causal at PA level in a cocoa landscape","","User story USY-001399 Olam cocoa; Mars"
"bm26-158","existing","FALSE","ch-comp-122","causal","What is the dominant driver of tree cover loss in Brazil compared to Indonesia since 2001?","8","BRA;IDN","","","","","answer with data","","two_country","1,7,8","Policy/planning; Program mgrs; GIS analysts; Journalists; Public/educators; Field staff; Supply chain; Sustainable finance; Service providers","4 Commitments; 5 Finance for nature","USY-001330 Forest Declaration Assessment; USY-001392 Ghana Cocoa Belt","answered_without_data | aoi_id_match | data_pull_exists | dataset_id_match","High: open-ended window, categorical answer; re-verify at annual refresh","Causal/drivers: two-country driver comparison","","User story USY-001330 Forest Declaration Assessment; USY-001392 Ghana Cocoa Belt"
"bm26-159","existing","FALSE","ch-comp-124","causal","Since 2001, has the Democratic Republic of the Congo or Colombia lost more tree cover to shifting cultivation?","8","COD;COL","","","","","answer with data","","two_country","1,7,8","Policy/planning; Program mgrs; GIS analysts; Journalists; Public/educators; Field staff; Supply chain; Sustainable finance; Service providers","4 Commitments; 5 Finance for nature","USY-001330 Forest Declaration Assessment; USY-001392 Ghana Cocoa Belt","answered_without_data | aoi_id_match | data_pull_exists | dataset_id_match","High: open-ended window, categorical answer; re-verify at annual refresh","Causal/drivers: two-country driver comparison","","User story USY-001330 Forest Declaration Assessment; USY-001392 Ghana Cocoa Belt"
"bm26-160","existing","FALSE","ch-quant-011","causal","How much of Indonesia's 2020 tree cover loss was caused by fires, and how much by other causes?","10","IDN","2020-01-01","2020-12-31","no_selection","","answer with data","","fires_split","1,3,7","Policy/planning; Program mgrs; GIS analysts; Journalists; Public/educators; Field staff; Supply chain; Service providers; Sustainable finance","1 Local stewardship; 3 Policy & planning","USY-000509 Malaysia; USY-001217 Puerto Suárez; USY-001516 UNESCO","answered_without_data | aoi_id_match | context_layer_match | data_pull_exists | dataset_id_match | date_extraction","Low","Causal/drivers: existing driver-attribution rows (categorical answer, robust to annual updates)","","User story USY-000509 Malaysia; USY-001217 Puerto Suárez; USY-001516 UNESCO"
"bm26-161","existing","FALSE","ch-quant-127","causal","What is the leading driver of tree cover loss in Brazil since 2001?","8","BRA","","","","","answer with data","","dominant_driver","1,7,8","Policy/planning; Program mgrs; GIS analysts; Journalists; Public/educators; Field staff; Supply chain; Sustainable finance; Service providers","4 Commitments; 5 Finance for nature","USY-001330 Forest Declaration Assessment; USY-001392 Ghana Cocoa Belt","answered_without_data | aoi_id_match | data_pull_exists | dataset_id_match","High: open-ended window, categorical answer; re-verify at annual refresh","Causal/drivers: existing driver-attribution rows (categorical answer, robust to annual updates)","","User story USY-001330 Forest Declaration Assessment; USY-001392 Ghana Cocoa Belt"
"bm26-162","existing","FALSE","ch-quant-133","causal","I'm curious about Colombia's tree cover loss since 2001 - could you tell me how much of it comes from temporary disturbances, like shifting cultivation, logging, wildfire, and other natural disturbances combined?","8","COL","","","","","answer with data","","driver_grouping","1,7,8","Policy/planning; Program mgrs; GIS analysts; Journalists; Public/educators; Field staff; Supply chain; Sustainable finance; Service providers","4 Commitments; 5 Finance for nature","USY-001330 Forest Declaration Assessment; USY-001392 Ghana Cocoa Belt","answered_without_data | aoi_id_match | data_pull_exists | dataset_id_match","High: open-ended window, categorical answer; re-verify at annual refresh","Causal/drivers: existing driver-attribution rows (categorical answer, robust to annual updates)","","User story USY-001330 Forest Declaration Assessment; USY-001392 Ghana Cocoa Belt"
"bm26-163","existing","FALSE","ch-quant-134","causal","What share of Peru's total tree cover loss since 2001 is attributable to all agriculture, combining permanent agriculture and shifting cultivation?","8","PER","","","","","answer with data","","driver_grouping","1,7,8","Policy/planning; Program mgrs; GIS analysts; Journalists; Public/educators; Field staff; Supply chain; Sustainable finance; Service providers","4 Commitments; 5 Finance for nature","USY-001330 Forest Declaration Assessment; USY-001392 Ghana Cocoa Belt","answered_without_data | aoi_id_match | data_pull_exists | dataset_id_match","High: open-ended window, categorical answer; re-verify at annual refresh","Causal/drivers: existing driver-attribution rows (categorical answer, robust to annual updates)","","User story USY-001330 Forest Declaration Assessment; USY-001392 Ghana Cocoa Belt"
"bm26-164","existing","FALSE","ch-aoi-026","spatial","Go to Gunung Leuser National Park","","1251","","","","","select","hard","","7,5","Policy/planning; GIS analysts; Field staff; Supply chain; Sustainable finance; Service providers; Journalists","1 Local stewardship; 2 Supply chains","USY-000852 IWRM territories; USY-001399 Olam PAs","aoi_id_match","Low","Non-GADM source resolution (WDPA / Landmark)","","User story USY-000852 IWRM territories; USY-001399 Olam PAs"
"bm26-165","existing","FALSE","ch-aoi-034","spatial","Show me the Kayapo Indigenous Territory","","BRA1507","","","","","select","hard","","7,5","Policy/planning; GIS analysts; Field staff; Supply chain; Sustainable finance; Service providers; Journalists","1 Local stewardship; 2 Supply chains","USY-000852 IWRM territories; USY-001399 Olam PAs","aoi_id_match","Low","Non-GADM source resolution (WDPA / Landmark)","","User story USY-000852 IWRM territories; USY-001399 Olam PAs"
"bm26-166","existing","FALSE","ch-aoi-054","spatial","Vai para o estado do Pará","","BRA.14","","","","","select","medium","","3,5","Policy/planning; GIS analysts; Field staff; Supply chain; Service providers; Journalists; Sustainable finance","Cross-cutting: right place","—","aoi_id_match","Low","Subnational + non-English place names (Pará/Paraná accent trap; pt/es users)","","Cross-cutting guard"
"bm26-167","existing","FALSE","ch-aoi-056","spatial","Go to Para in Brazil","","BRA.14","","","","","select","hard","","3,5","Policy/planning; GIS analysts; Field staff; Supply chain; Service providers; Journalists; Sustainable finance","Cross-cutting: right place","—","aoi_id_match","Low","Subnational + non-English place names (Pará/Paraná accent trap; pt/es users)","","Cross-cutting guard"
"bm26-168","existing","FALSE","ch-aoi-057","spatial","Show me Paraná state in Brazil","","BRA.16","","","","","select","medium","","3,5","Policy/planning; GIS analysts; Field staff; Supply chain; Service providers; Journalists; Sustainable finance","Cross-cutting: right place","—","aoi_id_match","Low","Subnational + non-English place names (Pará/Paraná accent trap; pt/es users)","","Cross-cutting guard"
"bm26-169","existing","FALSE","ch-aoi-088","spatial","Compare Brazil with the state of São Paulo","","BRA;BRA.25","","","","","select","medium","","8","Policy/planning; Program mgrs; GIS analysts; Supply chain","Cross-cutting: right place","—","aoi_id_match","Low","Multi-AOI selection (JTBD 8 compare & contextualise)","","Cross-cutting guard"
"bm26-170","existing","FALSE","ch-aoi-090","spatial","Compare Pará and Paraná","","BRA.14;BRA.16","","","","","select","hard","","8","Policy/planning; Program mgrs; GIS analysts; Supply chain","Cross-cutting: right place","—","aoi_id_match","Low","Multi-AOI selection (JTBD 8 compare & contextualise)","","Cross-cutting guard"
"bm26-171","existing","FALSE","ch-aoi-110","spatial","Go to North Kalimantan","","IDN.35","","","","","select","hard","","3,5","Policy/planning; GIS analysts; Field staff; Supply chain; Service providers; Journalists; Sustainable finance","Cross-cutting: right place","—","aoi_id_match","Low","Subnational admin resolution (JTBD 5: jurisdictional monitoring)","","Cross-cutting guard"
"bm26-172","existing","FALSE","ch-aoi-137","spatial","Go to Virunga National Park","","166889","","","","","select","medium","","7,5","Policy/planning; GIS analysts; Field staff; Supply chain; Sustainable finance; Service providers; Journalists","1 Local stewardship; 2 Supply chains","USY-000852 IWRM territories; USY-001399 Olam PAs","aoi_id_match","Low","Protected area / Indigenous territory resolution (JTBD 7, 5; Olam PA monitoring, Matsés/Kayapó stewardship)","","User story USY-000852 IWRM territories; USY-001399 Olam PAs"
"bm26-173","existing","FALSE","ch-aoi-138","spatial","Show me Salonga National Park","","555697863","","","","","select","medium","","7,5","Policy/planning; GIS analysts; Field staff; Supply chain; Sustainable finance; Service providers; Journalists","1 Local stewardship; 2 Supply chains","USY-000852 IWRM territories; USY-001399 Olam PAs","aoi_id_match","Low","Protected area / Indigenous territory resolution (JTBD 7, 5; Olam PA monitoring, Matsés/Kayapó stewardship)","","User story USY-000852 IWRM territories; USY-001399 Olam PAs"
"bm26-174","existing","FALSE","ch-aoi-142","spatial","Show me Madidi National Park","","98183","","","","","select","medium","","7,5","Policy/planning; GIS analysts; Field staff; Supply chain; Sustainable finance; Service providers; Journalists","1 Local stewardship; 2 Supply chains","USY-000852 IWRM territories; USY-001399 Olam PAs","aoi_id_match","Low","Protected area / Indigenous territory resolution (JTBD 7, 5; Olam PA monitoring, Matsés/Kayapó stewardship)","","User story USY-000852 IWRM territories; USY-001399 Olam PAs"
"bm26-175","existing","FALSE","ch-aoi-143","spatial","Zoom to Yasuni National Park","","186","","","","","select","hard","","7,5","Policy/planning; GIS analysts; Field staff; Supply chain; Sustainable finance; Service providers; Journalists","1 Local stewardship; 2 Supply chains","USY-000852 IWRM territories; USY-001399 Olam PAs","aoi_id_match","Low","Protected area / Indigenous territory resolution (JTBD 7, 5; Olam PA monitoring, Matsés/Kayapó stewardship)","","User story USY-000852 IWRM territories; USY-001399 Olam PAs"
"bm26-176","existing","FALSE","ch-aoi-146","spatial","Show me Chiribiquete National Park","","19984","","","","","select","hard","","7,5","Policy/planning; GIS analysts; Field staff; Supply chain; Sustainable finance; Service providers; Journalists","1 Local stewardship; 2 Supply chains","USY-000852 IWRM territories; USY-001399 Olam PAs","aoi_id_match","Low","Protected area / Indigenous territory resolution (JTBD 7, 5; Olam PA monitoring, Matsés/Kayapó stewardship)","","User story USY-000852 IWRM territories; USY-001399 Olam PAs"
"bm26-177","existing","FALSE","ch-aoi-151","spatial","Show me the Matsés Native Community in Peru","","PER1700","","","","","select","medium","","7,5","Policy/planning; GIS analysts; Field staff; Supply chain; Sustainable finance; Service providers; Journalists","1 Local stewardship; 2 Supply chains","USY-000852 IWRM territories; USY-001399 Olam PAs","aoi_id_match","Low","Protected area / Indigenous territory resolution (JTBD 7, 5; Olam PA monitoring, Matsés/Kayapó stewardship)","","User story USY-000852 IWRM territories; USY-001399 Olam PAs"
"bm26-178","existing","FALSE","ch-aoi-152","spatial","Go to the Kayapó Indigenous Territory","","BRA1507","","","","","select","medium","","7,5","Policy/planning; GIS analysts; Field staff; Supply chain; Sustainable finance; Service providers; Journalists","1 Local stewardship; 2 Supply chains","USY-000852 IWRM territories; USY-001399 Olam PAs","aoi_id_match","Low","Protected area / Indigenous territory resolution (JTBD 7, 5; Olam PA monitoring, Matsés/Kayapó stewardship)","","User story USY-000852 IWRM territories; USY-001399 Olam PAs"
"bm26-179","existing","FALSE","ch-dataset-131","spatial","Muéstrame las alertas de deforestación en el mapa","11","","","","","","select","easy","","10,11","All direct-connect groups","Cross-cutting: dataset discovery","—","dataset_id_match | forbidden_tools_absent","Low","Multilingual dataset retrieval (es, pt, id, fr: top non-English user languages in priority geographies)","","Cross-cutting guard"
"bm26-180","existing","FALSE","ch-dataset-139","spatial","Mostre a perda de floresta primária no mapa","4","","","","primary_forest","","select","medium","","10,11","All direct-connect groups","Cross-cutting: dataset discovery","—","context_layer_match | dataset_id_match | forbidden_tools_absent","Low","Multilingual dataset retrieval (es, pt, id, fr: top non-English user languages in priority geographies)","","Cross-cutting guard"
"bm26-181","existing","FALSE","ch-dataset-146","spatial","Tampilkan kehilangan tutupan pohon di peta","4","","","","","","select","easy","","10,11","All direct-connect groups","Cross-cutting: dataset discovery","—","dataset_id_match | forbidden_tools_absent","Low","Multilingual dataset retrieval (es, pt, id, fr: top non-English user languages in priority geographies)","","Cross-cutting guard"
"bm26-182","existing","FALSE","ch-dataset-157","spatial","Map tree cover loss inside primary forests","4","","","","primary_forest","","select","medium","","10,11","All direct-connect groups","Cross-cutting: dataset discovery","—","context_layer_match | dataset_id_match | forbidden_tools_absent","Low","Context-layer selection: primary / intact forest vs all tree cover (the plantation-harvest trap)","","Cross-cutting guard"
"bm26-183","existing","FALSE","ch-dataset-162","spatial","Show fire-driven tree cover loss in primary forests on the map","10","","","","primary_forest","","select","medium","","10,11","All direct-connect groups","Cross-cutting: dataset discovery","—","context_layer_match | dataset_id_match | forbidden_tools_absent","Low","Context-layer selection: primary / intact forest vs all tree cover (the plantation-harvest trap)","","Cross-cutting guard"
"bm26-184","existing","FALSE","ch-dataset-168","spatial","Show all tree cover loss on the map, including plantations and secondary forest","4","","","","no_selection","","select","medium","","10,11","All direct-connect groups","Cross-cutting: dataset discovery","—","context_layer_match | dataset_id_match | forbidden_tools_absent","Low","Context-layer selection: primary / intact forest vs all tree cover (the plantation-harvest trap)","","Cross-cutting guard"
"bm26-185","existing","FALSE","ch-dataset-171","spatial","Show me deforestation","4;11","","","","","","select","hard","","10,11","All direct-connect groups","Cross-cutting: dataset discovery","—","dataset_id_match | forbidden_tools_absent","Low","Ambiguous dataset vocabulary users actually type (""deforestation"", plantations, mangroves)","","Cross-cutting guard"
"bm26-186","existing","FALSE","ch-aoi-028","scope","Show me the Sundarbans","","","","","","","clarify","hard","","10","All direct-connect groups","Cross-cutting: trust (no misleading answers)","—","clarification_requested | expected_text_match","Scored info-only until clarification validator is stable","Ecoregion-style names (Amazon, Cerrado, Congo Basin) must prompt clarification, not a silent guess; INFO-ONLY until clarification validator stable","","Cross-cutting guard"
"bm26-187","existing","FALSE","ch-aoi-087","scope","Show me Yellowstone and Wyoming together","","","","","","","decline","hard","","10","All direct-connect groups","Cross-cutting: trust (no misleading answers)","—","expected_text_match","Low","Unsupported / impossible AOIs must be declined, not guessed","","Cross-cutting guard"
"bm26-188","existing","FALSE","ch-aoi-091","scope","Show me Sumatra and Borneo","","","","","","","clarify","hard","","10","All direct-connect groups","Cross-cutting: trust (no misleading answers)","—","clarification_requested | expected_text_match","Scored info-only until clarification validator is stable","Ecoregion-style names (Amazon, Cerrado, Congo Basin) must prompt clarification, not a silent guess; INFO-ONLY until clarification validator stable","","Cross-cutting guard"
"bm26-189","existing","FALSE","ch-aoi-116","scope","Show me the Amazon","","","","","","","clarify","hard","","10","All direct-connect groups","Cross-cutting: trust (no misleading answers)","—","clarification_requested | expected_text_match","Scored info-only until clarification validator is stable","Ecoregion-style names (Amazon, Cerrado, Congo Basin) must prompt clarification, not a silent guess; INFO-ONLY until clarification validator stable","","Cross-cutting guard"
"bm26-190","existing","FALSE","ch-aoi-118","scope","Show me the Cerrado","","","","","","","clarify","hard","","10","All direct-connect groups","Cross-cutting: trust (no misleading answers)","—","clarification_requested | expected_text_match","Scored info-only until clarification validator is stable","Ecoregion-style names (Amazon, Cerrado, Congo Basin) must prompt clarification, not a silent guess; INFO-ONLY until clarification validator stable","","Cross-cutting guard"
"bm26-191","existing","FALSE","ch-aoi-119","scope","Take me to the Congo Basin","","","","","","","clarify","hard","","10","All direct-connect groups","Cross-cutting: trust (no misleading answers)","—","clarification_requested | expected_text_match","Scored info-only until clarification validator is stable","Ecoregion-style names (Amazon, Cerrado, Congo Basin) must prompt clarification, not a silent guess; INFO-ONLY until clarification validator stable","","Cross-cutting guard"
"bm26-192","existing","FALSE","ch-aoi-128","scope","Go to 9.5N, 79.5W","","","","","","","decline","hard","","10","All direct-connect groups","Cross-cutting: trust (no misleading answers)","—","expected_text_match","Low","Unsupported / impossible AOIs must be declined, not guessed","","Cross-cutting guard"
"bm26-193","existing","FALSE","ch-aoi-130","scope","Take me to Wakanda","","","","","","","decline","medium","","10","All direct-connect groups","Cross-cutting: trust (no misleading answers)","—","expected_text_match","Low","Unsupported / impossible AOIs must be declined, not guessed","","Cross-cutting guard"
"bm26-194","existing","FALSE","ch-dataset-186","scope","Show crop deforestation emission factors on the map","9;no_selection","","","","","","decline","easy","","10","All direct-connect groups","Cross-cutting: trust (no misleading answers)","—","dataset_id_match | expected_text_match | forbidden_tools_absent","Low","Out-of-scope / unmappable requests must be declined (deterministic: forbidden_tools_absent)","","Cross-cutting guard"
"bm26-195","existing","FALSE","ch-dataset-187","scope","Map the sLUC emission factors for soy","9;no_selection","","","","","","decline","medium","","10","All direct-connect groups","Cross-cutting: trust (no misleading answers)","—","dataset_id_match | expected_text_match | forbidden_tools_absent","Low","Out-of-scope / unmappable requests must be declined (deterministic: forbidden_tools_absent)","","Cross-cutting guard"
"bm26-196","existing","FALSE","ch-dataset-190","scope","Show rainfall on the map","no_selection","","","","","","decline","easy","","10","All direct-connect groups","Cross-cutting: trust (no misleading answers)","—","dataset_id_match | expected_text_match | forbidden_tools_absent","Low","Out-of-scope / unmappable requests must be declined (deterministic: forbidden_tools_absent)","","Cross-cutting guard"
"bm26-197","existing","FALSE","ch-dataset-192","scope","Map drought conditions","no_selection","","","","","","decline","medium","","10","All direct-connect groups","Cross-cutting: trust (no misleading answers)","—","dataset_id_match | expected_text_match | forbidden_tools_absent","Low","Out-of-scope / unmappable requests must be declined (deterministic: forbidden_tools_absent)","","Cross-cutting guard"
"bm26-198","existing","FALSE","ch-dataset-193","scope","Show flood risk on the map","no_selection","","","","","","decline","medium","","10","All direct-connect groups","Cross-cutting: trust (no misleading answers)","—","dataset_id_match | expected_text_match | forbidden_tools_absent","Low","Out-of-scope / unmappable requests must be declined (deterministic: forbidden_tools_absent)","","Cross-cutting guard"
"bm26-199","existing","FALSE","ch-dataset-198","scope","Show jaguar range on the map","no_selection","","","","","","decline","medium","","10","All direct-connect groups","Cross-cutting: trust (no misleading answers)","—","dataset_id_match | expected_text_match | forbidden_tools_absent","Low","Out-of-scope / unmappable requests must be declined (deterministic: forbidden_tools_absent)","","Cross-cutting guard"
"bm26-200","existing","FALSE","ch-dataset-199","scope","Show population density on the map","no_selection","","","","","","decline","medium","","10","All direct-connect groups","Cross-cutting: trust (no misleading answers)","—","dataset_id_match | expected_text_match | forbidden_tools_absent","Low","Out-of-scope / unmappable requests must be declined (deterministic: forbidden_tools_absent)","","Cross-cutting guard"
